name,url,image
3is-International Institute for Image and Sound,https://www.bachelorsportal.com/universities/20324/3is-international-institute-for-image-and-sound.html,
Aalto University,https://www.bachelorsportal.com/universities/18/aalto-university.html,
Aarhus University,https://www.bachelorsportal.com/universities/26/aarhus-university.html,
AAS College,https://www.bachelorsportal.com/universities/1885/aas-college.html,
Abat Oliba - CEU University,https://www.bachelorsportal.com/universities/18730/abat-oliba-ceu-university.html,
Abdullah Gül University (AGU),https://www.bachelorsportal.com/universities/11695/abdullah-gl-university.html,
Abertay University,https://www.bachelorsportal.com/universities/1178/abertay-university.html,"https://storage-prtl-co.imgix.net/endor/organisations/1178/logos/sq-1178.png?fit=fill&fill=solid&fill-color=00FFFFFF&w=48&h=48&auto=format,compress"
Aberystwyth University,https://www.bachelorsportal.com/universities/112/aberystwyth-university.html,
Abilene Christian University,https://www.bachelorsportal.com/universities/11537/abilene-christian-university.html,
Academies Australasia,https://www.bachelorsportal.com/universities/13605/academies-australasia.html,
Academy of Art University,https://www.bachelorsportal.com/universities/17471/academy-of-art-university.html,
Academy of Fine Arts Vienna,https://www.bachelorsportal.com/universities/1401/academy-of-fine-arts-vienna.html,
Academy of Live Technology,https://www.bachelorsportal.com/universities/23927/academy-of-live-technology.html,
Academy of Performing Arts,https://www.bachelorsportal.com/universities/18769/academy-of-performing-arts.html,
Acadia University,https://www.bachelorsportal.com/universities/15194/acadia-university.html,
Accademia del Lusso,https://www.bachelorsportal.com/universities/11496/accademia-del-lusso.html,
Acibadem University,https://www.bachelorsportal.com/universities/21310/acibadem-university.html,
ACT - The American College of Thessaloniki,https://www.bachelorsportal.com/universities/22882/act-the-american-college-of-thessaloniki.html,
Adam Mickiewicz University Poznan,https://www.bachelorsportal.com/universities/1001/adam-mickiewicz-university-poznan.html,
Addis Ababa University,https://www.bachelorsportal.com/universities/12607/addis-ababa-university.html,
Adelaide University,https://www.bachelorsportal.com/universities/24145/adelaide-university.html,
Adelphi University,https://www.bachelorsportal.com/universities/15554/adelphi-university.html,
Aeres University of Applied Sciences,https://www.bachelorsportal.com/universities/18248/aeres-university-of-applied-sciences.html,"https://storage-prtl-co.imgix.net/endor/organisations/18248/logos/sq-18248.png?fit=fill&fill=solid&fill-color=00FFFFFF&w=48&h=48&auto=format,compress"
AFAD - The Academy of Film Art and Design,https://www.bachelorsportal.com/universities/23394/afad-the-academy-of-film-art-and-design.html,
African Leadership University,https://www.bachelorsportal.com/universities/15496/african-leadership-university.html,
AGH University of Science & Technology,https://www.bachelorsportal.com/universities/773/agh-university-of-science-technology.html,
Agnes Scott College,https://www.bachelorsportal.com/universities/16715/agnes-scott-college.html,
AIM Paris - International Hotel & Tourism Management Academy,https://www.bachelorsportal.com/universities/10298/aim-paris-international-hotel-tourism-management-academy.html,
Airlangga University,https://www.bachelorsportal.com/universities/15400/airlangga-university.html,
Aix-Marseille University,https://www.bachelorsportal.com/universities/846/aix-marseille-university.html,
Ajman University,https://www.bachelorsportal.com/universities/19897/ajman-university.html,"https://storage-prtl-co.imgix.net/endor/organisations/19897/logos/sq-19897.png?fit=fill&fill=solid&fill-color=00FFFFFF&w=48&h=48&auto=format,compress"
Al Akhawayn University,https://www.bachelorsportal.com/universities/23770/al-akhawayn-university.html,
Al-Mahdi Institute,https://www.bachelorsportal.com/universities/20122/al-mahdi-institute.html,
Alabama A&M University,https://www.bachelorsportal.com/universities/22054/alabama-am-university.html,
Alabama State University,https://www.bachelorsportal.com/universities/17506/alabama-state-university.html,
Alagappa University,https://www.bachelorsportal.com/universities/21364/alagappa-university.html,
Alaska Pacific University,https://www.bachelorsportal.com/universities/17926/alaska-pacific-university.html,
Albany College of Pharmacy and Health Sciences,https://www.bachelorsportal.com/universities/16192/albany-college-of-pharmacy-and-health-sciences.html,
Albion College,https://www.bachelorsportal.com/universities/16981/albion-college.html,
Albright College,https://www.bachelorsportal.com/universities/17620/albright-college.html,
Alcorn State University,https://www.bachelorsportal.com/universities/18002/alcorn-state-university.html,
Alexander College,https://www.bachelorsportal.com/universities/20066/alexander-college.html,
Alexandru Ioan Cuza University of Iasi,https://www.bachelorsportal.com/universities/440/alexandru-ioan-cuza-university-of-iasi.html,
Alfaisal University,https://www.bachelorsportal.com/universities/17188/alfaisal-university.html,
Alfred Nobel Open Business School Switzerland,https://www.bachelorsportal.com/universities/17727/alfred-nobel-open-business-school-switzerland.html,
Alfred State College SUNY College of Technology,https://www.bachelorsportal.com/universities/17443/alfred-state-college-suny-college-of-technology.html,
Algebra Bernays University,https://www.bachelorsportal.com/universities/15973/algebra-bernays-university.html,
Algoma University,https://www.bachelorsportal.com/universities/21049/algoma-university.html,"https://storage-prtl-co.imgix.net/endor/organisations/21049/images/1732746847_name-logo.png?fit=fill&fill=solid&fill-color=00FFFFFF&w=48&h=48&auto=format,compress"
Algonquin College,https://www.bachelorsportal.com/universities/18130/algonquin-college.html,"https://storage-prtl-co.imgix.net/endor/organisations/18130/images/1706209247_algonqunicollege-monogram-rgb-1393x1203-1.png?fit=fill&fill=solid&fill-color=00FFFFFF&w=48&h=48&auto=format,compress"
Alliance University,https://www.bachelorsportal.com/universities/23070/alliance-university.html,
Alliant International University,https://www.bachelorsportal.com/universities/17162/alliant-international-university.html,
Alma College,https://www.bachelorsportal.com/universities/17838/alma-college.html,
Alphacrucis University College,https://www.bachelorsportal.com/universities/24222/alphacrucis-university-college.html,
Alpine Center,https://www.bachelorsportal.com/universities/1244/alpine-center.html,
Altinbas University,https://www.bachelorsportal.com/universities/21626/altinbas-university.html,
Alvernia University,https://www.bachelorsportal.com/universities/17360/alvernia-university.html,
Alverno College,https://www.bachelorsportal.com/universities/17925/alverno-college.html,
Alzahra University,https://www.bachelorsportal.com/universities/21469/alzahra-university.html,
American College,https://www.bachelorsportal.com/universities/9213/american-college.html,
American College Dublin,https://www.bachelorsportal.com/universities/1730/american-college-dublin.html,
American College of Education,https://www.bachelorsportal.com/universities/19559/american-college-of-education.html,
American European Academy,https://www.bachelorsportal.com/universities/22492/american-european-academy.html,
American Institute of Applied Sciences in Switzerland,https://www.bachelorsportal.com/universities/22075/american-institute-of-applied-sciences-in-switzerland.html,
American International College,https://www.bachelorsportal.com/universities/16868/american-international-college.html,
American National University,https://www.bachelorsportal.com/universities/18131/american-national-university.html,
American Samoa Community College,https://www.bachelorsportal.com/universities/14744/american-samoa-community-college.html,
American University in Bulgaria,https://www.bachelorsportal.com/universities/1756/american-university-in-bulgaria.html,"https://storage-prtl-co.imgix.net/mp/5de0e77393f7.png?fit=fill&fill=solid&fill-color=00FFFFFF&w=48&h=48&auto=format,compress"
American University in Dubai,https://www.bachelorsportal.com/universities/13012/american-university-in-dubai.html,
American University of Beirut,https://www.bachelorsportal.com/universities/13324/american-university-of-beirut.html,
American University of Central Asia,https://www.bachelorsportal.com/universities/12926/american-university-of-central-asia.html,
American University of Greece,https://www.bachelorsportal.com/universities/1934/american-university-of-greece.html,
American University of Nigeria,https://www.bachelorsportal.com/universities/13343/american-university-of-nigeria.html,
American University of Ras Al Khaimah (AURAK),https://www.bachelorsportal.com/universities/24311/american-university-of-ras-al-khaimah.html,
Amity University Noida,https://www.bachelorsportal.com/universities/10684/amity-university-noida.html,"https://storage-prtl-co.imgix.net/endor/organisations/10684/images/1766594404_512-by-512.jpg?fit=fill&fill=solid&fill-color=00FFFFFF&w=48&h=48&auto=format,compress"
AMOS Sport Business School,https://www.bachelorsportal.com/universities/21169/amos-sport-business-school.html,
Amrita University,https://www.bachelorsportal.com/universities/14485/amrita-university.html,
Amsterdam University College,https://www.bachelorsportal.com/universities/1179/amsterdam-university-college.html,
Amsterdam University of Applied Sciences,https://www.bachelorsportal.com/universities/89/amsterdam-university-of-applied-sciences.html,
An-Najah National University,https://www.bachelorsportal.com/universities/17091/an-najah-national-university.html,
Anderson University - Indiana,https://www.bachelorsportal.com/universities/18011/anderson-university-indiana.html,
Anderson University (South Carolina),https://www.bachelorsportal.com/universities/18015/anderson-university.html,
Andrews University,https://www.bachelorsportal.com/universities/17019/andrews-university.html,
Anglia Ruskin University,https://www.bachelorsportal.com/universities/220/anglia-ruskin-university.html,
Ankara Bilim University,https://www.bachelorsportal.com/universities/24218/ankara-bilim-university.html,
Ankara Medipol University,https://www.bachelorsportal.com/universities/24282/ankara-medipol-university.html,
Ankara University,https://www.bachelorsportal.com/universities/13807/ankara-university.html,
Antalya Bilim University,https://www.bachelorsportal.com/universities/1630/antalya-bilim-university.html,
Antioch University,https://www.bachelorsportal.com/universities/17931/antioch-university.html,
Aoyama Gakuin University,https://www.bachelorsportal.com/universities/15469/aoyama-gakuin-university.html,
Appalachian State University,https://www.bachelorsportal.com/universities/14210/appalachian-state-university.html,
Applied Science University (Bahrain),https://www.bachelorsportal.com/universities/23648/applied-science-university.html,
Apsley Business School,https://www.bachelorsportal.com/universities/22189/apsley-business-school.html,
Ara Institute of Canterbury,https://www.bachelorsportal.com/universities/22072/ara-institute-of-canterbury.html,
Arabian Gulf University,https://www.bachelorsportal.com/universities/15187/arabian-gulf-university.html,
Arcada University of Applied Sciences,https://www.bachelorsportal.com/universities/1016/arcada-university-of-applied-sciences.html,
Arcadia University,https://www.bachelorsportal.com/universities/16637/arcadia-university.html,
Architectural Association,https://www.bachelorsportal.com/universities/21972/architectural-association.html,
Arden University UK,https://www.bachelorsportal.com/universities/21260/arden-university-uk.html,
"Arden University, Study Center Berlin",https://www.bachelorsportal.com/universities/19945/arden-university-study-center-berlin.html,
Arizona State University,https://www.bachelorsportal.com/universities/11227/arizona-state-university.html,
Arkansas State University,https://www.bachelorsportal.com/universities/15131/arkansas-state-university.html,
Arkansas State University Querétaro,https://www.bachelorsportal.com/universities/22706/arkansas-state-university-quertaro.html,"https://storage-prtl-co.imgix.net/endor/organisations/22706/images/1695830687_logo-512x512-02.png?fit=fill&fill=solid&fill-color=00FFFFFF&w=48&h=48&auto=format,compress"
Art Center College of Design,https://www.bachelorsportal.com/universities/17484/art-center-college-of-design.html,
Artevelde University of Applied Sciences,https://www.bachelorsportal.com/universities/11486/artevelde-university-of-applied-sciences.html,
ArtEZ University of the Arts,https://www.bachelorsportal.com/universities/398/artez-university-of-the-arts.html,
Arts University Bournemouth,https://www.bachelorsportal.com/universities/222/arts-university-bournemouth.html,
Arts University Plymouth,https://www.bachelorsportal.com/universities/21851/arts-university-plymouth.html,
Ashland University,https://www.bachelorsportal.com/universities/17355/ashland-university.html,
Asia e University (AeU),https://www.bachelorsportal.com/universities/22118/asia-e-university.html,
Asia Pacific International College,https://www.bachelorsportal.com/universities/19854/asia-pacific-international-college.html,
Asia Pacific University of Technology and Innovation,https://www.bachelorsportal.com/universities/20898/asia-pacific-university-of-technology-and-innovation.html,
"Asia University, Taiwan",https://www.bachelorsportal.com/universities/14062/asia-university-taiwan.html,
Asian Institute of Hospitality and Management (AIHM),https://www.bachelorsportal.com/universities/23188/asian-institute-of-hospitality-and-management.html,"https://storage-prtl-co.imgix.net/endor/organisations/23188/images/1744181501_aihm-les-roches-logo.png?fit=fill&fill=solid&fill-color=00FFFFFF&w=48&h=48&auto=format,compress"
Aspira University College,https://www.bachelorsportal.com/universities/20522/aspira-university-college.html,
Assumption University,https://www.bachelorsportal.com/universities/22153/assumption-university.html,
Aston University,https://www.bachelorsportal.com/universities/1227/aston-university.html,
Atelier Chardon Savard,https://www.bachelorsportal.com/universities/19543/atelier-chardon-savard.html,"https://storage-prtl-co.imgix.net/mp/5de0e7dccd4f.png?fit=fill&fill=solid&fill-color=00FFFFFF&w=48&h=48&auto=format,compress"
Athabasca University,https://www.bachelorsportal.com/universities/1966/athabasca-university.html,
Athens University of Economics and Business,https://www.bachelorsportal.com/universities/383/athens-university-of-economics-and-business.html,"https://storage-prtl-co.imgix.net/mp/5de0e842849b.png?fit=fill&fill=solid&fill-color=00FFFFFF&w=48&h=48&auto=format,compress"
Atilim University,https://www.bachelorsportal.com/universities/987/atilim-university.html,
Atlantic International University,https://www.bachelorsportal.com/universities/20942/atlantic-international-university.html,
Atlantic Technological University,https://www.bachelorsportal.com/universities/21268/atlantic-technological-university.html,"https://storage-prtl-co.imgix.net/endor/organisations/21268/images/1766152561_atu-logo.png?fit=fill&fill=solid&fill-color=00FFFFFF&w=48&h=48&auto=format,compress"
Atlantis University,https://www.bachelorsportal.com/universities/18026/atlantis-university.html,
Auburn University,https://www.bachelorsportal.com/universities/11863/auburn-university.html,
Auburn University at Montgomery,https://www.bachelorsportal.com/universities/16971/auburn-university-at-montgomery.html,
Auckland Institute of Studies,https://www.bachelorsportal.com/universities/22042/auckland-institute-of-studies.html,
Auckland University of Technology,https://www.bachelorsportal.com/universities/14486/auckland-university-of-technology.html,"https://storage-prtl-co.imgix.net/mp/5de0e6e71687.png?fit=fill&fill=solid&fill-color=00FFFFFF&w=48&h=48&auto=format,compress"
Audencia,https://www.bachelorsportal.com/universities/650/audencia.html,"https://storage-prtl-co.imgix.net/mp/5de0e8a06418.png?fit=fill&fill=solid&fill-color=00FFFFFF&w=48&h=48&auto=format,compress"
Augsburg University,https://www.bachelorsportal.com/universities/16669/augsburg-university.html,
Augusta University,https://www.bachelorsportal.com/universities/15057/augusta-university.html,
Augustana College,https://www.bachelorsportal.com/universities/17062/augustana-college.html,
Augustana University,https://www.bachelorsportal.com/universities/16573/augustana-university.html,
Auguste Escoffier School of Culinary Arts,https://www.bachelorsportal.com/universities/24349/auguste-escoffier-school-of-culinary-arts.html,
Aurora University,https://www.bachelorsportal.com/universities/17486/aurora-university.html,
Austin College,https://www.bachelorsportal.com/universities/17384/austin-college.html,
Australian Catholic University (ACU),https://www.bachelorsportal.com/universities/11878/australian-catholic-university.html,"https://storage-prtl-co.imgix.net/endor/organisations/11878/logos/sq-11878.png?fit=fill&fill=solid&fill-color=00FFFFFF&w=48&h=48&auto=format,compress"
Australian City Design College,https://www.bachelorsportal.com/universities/19849/australian-city-design-college.html,
Avans University of Applied Sciences,https://www.bachelorsportal.com/universities/715/avans-university-of-applied-sciences.html,"https://storage-prtl-co.imgix.net/mp/5de0e8b35d70.png?fit=fill&fill=solid&fill-color=00FFFFFF&w=48&h=48&auto=format,compress"
Avila University,https://www.bachelorsportal.com/universities/18027/avila-university.html,
Avondale University,https://www.bachelorsportal.com/universities/23253/avondale-university.html,
Azusa Pacific University,https://www.bachelorsportal.com/universities/16708/azusa-pacific-university.html,
Babes-Bolyai University,https://www.bachelorsportal.com/universities/538/babes-bolyai-university.html,
Babson College,https://www.bachelorsportal.com/universities/15170/babson-college.html,"https://storage-prtl-co.imgix.net/mp/5de0e701edd2.png?fit=fill&fill=solid&fill-color=00FFFFFF&w=48&h=48&auto=format,compress"
Bahçeşehir University (BAU),https://www.bachelorsportal.com/universities/969/baheehir-university.html,
Baldwin Wallace University,https://www.bachelorsportal.com/universities/17368/baldwin-wallace-university.html,
Ball State University,https://www.bachelorsportal.com/universities/14211/ball-state-university.html,
Bangkok University,https://www.bachelorsportal.com/universities/23702/bangkok-university.html,
Bangladesh University of Engineering and Technology,https://www.bachelorsportal.com/universities/21471/bangladesh-university-of-engineering-and-technology.html,
Bangor University,https://www.bachelorsportal.com/universities/427/bangor-university.html,"https://storage-prtl-co.imgix.net/mp/5de0e8561c6a.png?fit=fill&fill=solid&fill-color=00FFFFFF&w=48&h=48&auto=format,compress"
Bar Ilan University,https://www.bachelorsportal.com/universities/9334/bar-ilan-university.html,
Bard College,https://www.bachelorsportal.com/universities/16720/bard-college.html,
Bard College at Simon's Rock,https://www.bachelorsportal.com/universities/16884/bard-college-at-simons-rock.html,
Bard College Berlin a Liberal Arts University,https://www.bachelorsportal.com/universities/936/bard-college-berlin-a-liberal-arts-university.html,
Barnard College Columbia University,https://www.bachelorsportal.com/universities/16862/barnard-college-columbia-university.html,
Barry University,https://www.bachelorsportal.com/universities/16358/barry-university.html,
Baruch College,https://www.bachelorsportal.com/universities/21319/baruch-college.html,
Baskent University,https://www.bachelorsportal.com/universities/16401/baskent-university.html,
Bastyr University,https://www.bachelorsportal.com/universities/17371/bastyr-university.html,
Bath Spa University,https://www.bachelorsportal.com/universities/144/bath-spa-university.html,
Batterjee Medical Colleges,https://www.bachelorsportal.com/universities/23084/batterjee-medical-colleges.html,"https://storage-prtl-co.imgix.net/endor/organisations/23084/images/1719301656_bmc_logo_jed-02-1.jpg?fit=fill&fill=solid&fill-color=00FFFFFF&w=48&h=48&auto=format,compress"
Bay Atlantic University,https://www.bachelorsportal.com/universities/19383/bay-atlantic-university.html,
Bay Path University,https://www.bachelorsportal.com/universities/16875/bay-path-university.html,
BBW University of Applied Sciences,https://www.bachelorsportal.com/universities/18520/bbw-university-of-applied-sciences.html,
Beihang University,https://www.bachelorsportal.com/universities/11965/beihang-university.html,
Beijing Institute of Technology,https://www.bachelorsportal.com/universities/13452/beijing-institute-of-technology.html,
Beijing Jiaotong University,https://www.bachelorsportal.com/universities/11966/beijing-jiaotong-university.html,
Beijing Normal University - Hong Kong Baptist University United International College,https://www.bachelorsportal.com/universities/19120/beijing-normal-university-hong-kong-baptist-university-united-international-college.html,
Belarusian State University,https://www.bachelorsportal.com/universities/13933/belarusian-state-university.html,
Bellarmine University,https://www.bachelorsportal.com/universities/16961/bellarmine-university.html,
Bellevue College,https://www.bachelorsportal.com/universities/17866/bellevue-college.html,
Bellevue University,https://www.bachelorsportal.com/universities/17839/bellevue-university.html,
Bemedics UK,https://www.bachelorsportal.com/universities/22606/bemedics-uk.html,
Bemidji State University,https://www.bachelorsportal.com/universities/17600/bemidji-state-university.html,
Ben-Gurion University of the Negev,https://www.bachelorsportal.com/universities/9465/ben-gurion-university-of-the-negev.html,
Benedictine College,https://www.bachelorsportal.com/universities/22065/benedictine-college.html,
Benedictine University,https://www.bachelorsportal.com/universities/11502/benedictine-university.html,
Benjamin Franklin Institute of Technology,https://www.bachelorsportal.com/universities/16937/benjamin-franklin-institute-of-technology.html,
Bentley University,https://www.bachelorsportal.com/universities/16806/bentley-university.html,
Berea College,https://www.bachelorsportal.com/universities/17611/berea-college.html,
Bergin University of Canine Studies,https://www.bachelorsportal.com/universities/18029/bergin-university-of-canine-studies.html,
Berkeley College,https://www.bachelorsportal.com/universities/18135/berkeley-college.html,
Berklee College of Music,https://www.bachelorsportal.com/universities/1506/berklee-college-of-music.html,
Berlin International University of Applied Sciences,https://www.bachelorsportal.com/universities/19021/berlin-international-university-of-applied-sciences.html,
Berlin School of Business and Innovation,https://www.bachelorsportal.com/universities/18308/berlin-school-of-business-and-innovation.html,
Berlin School of Economics and Law,https://www.bachelorsportal.com/universities/575/berlin-school-of-economics-and-law.html,
Bern University of Applied Sciences,https://www.bachelorsportal.com/universities/923/bern-university-of-applied-sciences.html,
Berry College,https://www.bachelorsportal.com/universities/16190/berry-college.html,
BESIGN The Sustainable Design School,https://www.bachelorsportal.com/universities/18007/besign-the-sustainable-design-school.html,"https://storage-prtl-co.imgix.net/endor/organisations/18007/images/1666594118_besign-signature-002.jpg?fit=fill&fill=solid&fill-color=00FFFFFF&w=48&h=48&auto=format,compress"
Bethany College,https://www.bachelorsportal.com/universities/18032/bethany-college.html,
Bethany College - West Virginia,https://www.bachelorsportal.com/universities/18031/bethany-college-west-virginia.html,
Bethany Global University,https://www.bachelorsportal.com/universities/18034/bethany-global-university.html,
Bethany Lutheran College,https://www.bachelorsportal.com/universities/18030/bethany-lutheran-college.html,
Bethel University,https://www.bachelorsportal.com/universities/17455/bethel-university.html,
Beykent University,https://www.bachelorsportal.com/universities/954/beykent-university.html,
Beykoz University,https://www.bachelorsportal.com/universities/24217/beykoz-university.html,
Bezmialem Vakif University,https://www.bachelorsportal.com/universities/1875/bezmialem-vakif-university.html,
Bharathiar University,https://www.bachelorsportal.com/universities/20591/bharathiar-university.html,
BI Norwegian Business School,https://www.bachelorsportal.com/universities/614/bi-norwegian-business-school.html,"https://storage-prtl-co.imgix.net/mp/5de0e897024d.png?fit=fill&fill=solid&fill-color=00FFFFFF&w=48&h=48&auto=format,compress"
BIG Academy,https://www.bachelorsportal.com/universities/23061/big-academy.html,
Bilkent University,https://www.bachelorsportal.com/universities/55/bilkent-university.html,
BIMM University,https://www.bachelorsportal.com/universities/12616/bimm-university.html,
Binghamton University,https://www.bachelorsportal.com/universities/11882/binghamton-university.html,"https://storage-prtl-co.imgix.net/mp/5de0e6275916.png?fit=fill&fill=solid&fill-color=00FFFFFF&w=48&h=48&auto=format,compress"
Binus University International (BI),https://www.bachelorsportal.com/universities/15662/binus-university-international.html,
Birmingham City University,https://www.bachelorsportal.com/universities/416/birmingham-city-university.html,
Biruni University,https://www.bachelorsportal.com/universities/24220/biruni-university.html,
Birzeit University,https://www.bachelorsportal.com/universities/16631/birzeit-university.html,
Bishop's University,https://www.bachelorsportal.com/universities/16166/bishops-university.html,
Black Hills State University,https://www.bachelorsportal.com/universities/17385/black-hills-state-university.html,
Blackburn College,https://www.bachelorsportal.com/universities/12719/blackburn-college.html,
Blanquerna - Universitat Ramon Llull,https://www.bachelorsportal.com/universities/11819/blanquerna-universitat-ramon-llull.html,
Bluffton University,https://www.bachelorsportal.com/universities/17426/bluffton-university.html,
BML Munjal University,https://www.bachelorsportal.com/universities/23845/bml-munjal-university.html,
Bogazici University,https://www.bachelorsportal.com/universities/460/bogazici-university.html,
Boise State University,https://www.bachelorsportal.com/universities/14237/boise-state-university.html,
Bond University,https://www.bachelorsportal.com/universities/11887/bond-university.html,
Bonn-Rhein-Sieg University of Applied Sciences,https://www.bachelorsportal.com/universities/1309/bonn-rhein-sieg-university-of-applied-sciences.html,
Boston Architectural College,https://www.bachelorsportal.com/universities/16917/boston-architectural-college.html,
Boston College,https://www.bachelorsportal.com/universities/11894/boston-college.html,
Boston University,https://www.bachelorsportal.com/universities/1014/boston-university.html,
Bournemouth University,https://www.bachelorsportal.com/universities/158/bournemouth-university.html,"https://storage-prtl-co.imgix.net/mp/5de0e721f4bc.png?fit=fill&fill=solid&fill-color=00FFFFFF&w=48&h=48&auto=format,compress"
Bowdoin College,https://www.bachelorsportal.com/universities/14232/bowdoin-college.html,
Box Hill Institute,https://www.bachelorsportal.com/universities/24214/box-hill-institute.html,
BRAC University,https://www.bachelorsportal.com/universities/12444/brac-university.html,
Bradley University,https://www.bachelorsportal.com/universities/17021/bradley-university.html,
Brandeis University,https://www.bachelorsportal.com/universities/11548/brandeis-university.html,
Brandon University,https://www.bachelorsportal.com/universities/17141/brandon-university.html,
Bratislava International School of Liberal Arts,https://www.bachelorsportal.com/universities/24200/bratislava-international-school-of-liberal-arts.html,
Bratislava University of Economics and Business,https://www.bachelorsportal.com/universities/1344/bratislava-university-of-economics-and-business.html,"https://storage-prtl-co.imgix.net/endor/organisations/1344/images/1748894441_euba_eng_2025_1000x1000.jpg?fit=fill&fill=solid&fill-color=00FFFFFF&w=48&h=48&auto=format,compress"
Braunschweig University of Technology,https://www.bachelorsportal.com/universities/536/braunschweig-university-of-technology.html,
Breda University of Applied Sciences (BUas),https://www.bachelorsportal.com/universities/237/breda-university-of-applied-sciences.html,"https://storage-prtl-co.imgix.net/mp/5de0e7fc5fbe.png?fit=fill&fill=solid&fill-color=00FFFFFF&w=48&h=48&auto=format,compress"
Brenau University,https://www.bachelorsportal.com/universities/22063/brenau-university.html,
Bridgewater College,https://www.bachelorsportal.com/universities/17547/bridgewater-college.html,
Bridgewater State University,https://www.bachelorsportal.com/universities/16379/bridgewater-state-university.html,
Brigham Young University Idaho,https://www.bachelorsportal.com/universities/17190/brigham-young-university-idaho.html,
Brighton and Sussex Medical School,https://www.bachelorsportal.com/universities/14979/brighton-and-sussex-medical-school.html,
British Columbia Institute of Technology,https://www.bachelorsportal.com/universities/17303/british-columbia-institute-of-technology.html,
British School of Marketing International,https://www.bachelorsportal.com/universities/21327/british-school-of-marketing-international.html,
British University Vietnam,https://www.bachelorsportal.com/universities/23497/british-university-vietnam.html,
Brno University of Technology,https://www.bachelorsportal.com/universities/379/brno-university-of-technology.html,
Brock University,https://www.bachelorsportal.com/universities/14218/brock-university.html,
Brown University,https://www.bachelorsportal.com/universities/11713/brown-university.html,
Brunel University of London,https://www.bachelorsportal.com/universities/9881/brunel-university-of-london.html,"https://storage-prtl-co.imgix.net/endor/organisations/9881/images/1733215529_brunel-uol-core-blue.png?fit=fill&fill=solid&fill-color=00FFFFFF&w=48&h=48&auto=format,compress"
Brussels School of Governance,https://www.bachelorsportal.com/universities/20323/brussels-school-of-governance.html,
Bryant University,https://www.bachelorsportal.com/universities/15807/bryant-university.html,
Bryn Mawr College,https://www.bachelorsportal.com/universities/1629/bryn-mawr-college.html,
Bucknell University,https://www.bachelorsportal.com/universities/14063/bucknell-university.html,
Bucks New University,https://www.bachelorsportal.com/universities/1157/bucks-new-university.html,
Budapest Metropolitan University,https://www.bachelorsportal.com/universities/1264/budapest-metropolitan-university.html,
Budapest University of Economics and Business (BUEB),https://www.bachelorsportal.com/universities/13740/budapest-university-of-economics-and-business.html,
Budapest University of Technology and Economics,https://www.bachelorsportal.com/universities/27/budapest-university-of-technology-and-economics.html,
Buffalo State SUNY,https://www.bachelorsportal.com/universities/14746/buffalo-state-suny.html,
Burapha University,https://www.bachelorsportal.com/universities/15441/burapha-university.html,
Business & Economics School,https://www.bachelorsportal.com/universities/18787/business-economics-school.html,
Business Academy Aarhus,https://www.bachelorsportal.com/universities/1561/business-academy-aarhus.html,
Business Academy South West,https://www.bachelorsportal.com/universities/13380/business-academy-south-west.html,
Business and Hotel Management School - Switzerland,https://www.bachelorsportal.com/universities/1460/business-and-hotel-management-school-switzerland.html,
Business and Language College Spain,https://www.bachelorsportal.com/universities/23875/business-and-language-college-spain.html,
Business College of Athens,https://www.bachelorsportal.com/universities/1424/business-college-of-athens.html,
Business School Notenboom,https://www.bachelorsportal.com/universities/24327/business-school-notenboom.html,
Butler University,https://www.bachelorsportal.com/universities/16423/butler-university.html,
C3S Business School,https://www.bachelorsportal.com/universities/22187/c3s-business-school.html,
Ca' Foscari University of Venice,https://www.bachelorsportal.com/universities/750/ca-foscari-university-of-venice.html,"https://storage-prtl-co.imgix.net/endor/organisations/750/images/1712321850_cf-logo-pos-vert-p207-inglese900x900.png?fit=fill&fill=solid&fill-color=00FFFFFF&w=48&h=48&auto=format,compress"
Cabrillo College,https://www.bachelorsportal.com/universities/17966/cabrillo-college.html,
Cairn University,https://www.bachelorsportal.com/universities/18038/cairn-university.html,
Cal Poly Pomona University,https://www.bachelorsportal.com/universities/17000/cal-poly-pomona-university.html,
California Baptist University,https://www.bachelorsportal.com/universities/17352/california-baptist-university.html,
California College of the Arts,https://www.bachelorsportal.com/universities/17606/california-college-of-the-arts.html,
California Institute of Integral Studies,https://www.bachelorsportal.com/universities/18039/california-institute-of-integral-studies.html,
California Institute of Technology - Caltech,https://www.bachelorsportal.com/universities/11712/california-institute-of-technology-caltech.html,
California Institute of the Arts CalArts,https://www.bachelorsportal.com/universities/17440/california-institute-of-the-arts-calarts.html,
California Lutheran University,https://www.bachelorsportal.com/universities/16212/california-lutheran-university.html,
California Miramar University,https://www.bachelorsportal.com/universities/18041/california-miramar-university.html,"https://storage-prtl-co.imgix.net/endor/organisations/18041/images/1754604012_calmu-logo.png?fit=fill&fill=solid&fill-color=00FFFFFF&w=48&h=48&auto=format,compress"
California Polytechnic State University,https://www.bachelorsportal.com/universities/13510/california-polytechnic-state-university.html,
"California State Polytechnic University, Humboldt",https://www.bachelorsportal.com/universities/14171/california-state-polytechnic-university-humboldt.html,
California State University Chico,https://www.bachelorsportal.com/universities/14995/california-state-university-chico.html,
California State University East Bay,https://www.bachelorsportal.com/universities/16706/california-state-university-east-bay.html,
California State University Fullerton,https://www.bachelorsportal.com/universities/13555/california-state-university-fullerton.html,
California State University Long Beach,https://www.bachelorsportal.com/universities/12888/california-state-university-long-beach.html,"https://storage-prtl-co.imgix.net/endor/organisations/12888/images/1757093943_csulb_seal.png?fit=fill&fill=solid&fill-color=00FFFFFF&w=48&h=48&auto=format,compress"
California State University Los Angeles,https://www.bachelorsportal.com/universities/16704/california-state-university-los-angeles.html,
California State University Monterey Bay,https://www.bachelorsportal.com/universities/16555/california-state-university-monterey-bay.html,
California State University Northridge,https://www.bachelorsportal.com/universities/14023/california-state-university-northridge.html,
California State University Sacramento,https://www.bachelorsportal.com/universities/17260/california-state-university-sacramento.html,
California State University San Bernardino,https://www.bachelorsportal.com/universities/15040/california-state-university-san-bernardino.html,
California State University San Marcos,https://www.bachelorsportal.com/universities/15182/california-state-university-san-marcos.html,
California State University Stanislaus,https://www.bachelorsportal.com/universities/17133/california-state-university-stanislaus.html,
"California State University, Bakersfield",https://www.bachelorsportal.com/universities/12864/california-state-university-bakersfield.html,
"California State University, Dominguez Hills",https://www.bachelorsportal.com/universities/19496/california-state-university-dominguez-hills.html,"https://storage-prtl-co.imgix.net/mp/5de0e7d65cac.png?fit=fill&fill=solid&fill-color=00FFFFFF&w=48&h=48&auto=format,compress"
"California State University, Fresno",https://www.bachelorsportal.com/universities/16583/california-state-university-fresno.html,
Calvin University,https://www.bachelorsportal.com/universities/15123/calvin-university.html,
Cambrian College,https://www.bachelorsportal.com/universities/20894/cambrian-college.html,"https://storage-prtl-co.imgix.net/endor/organisations/20894/images/1716933032_untitled-design.png?fit=fill&fill=solid&fill-color=00FFFFFF&w=48&h=48&auto=format,compress"
Cambridge College,https://www.bachelorsportal.com/universities/16934/cambridge-college.html,
Cambridge School of Visual & Performing Arts,https://www.bachelorsportal.com/universities/12723/cambridge-school-of-visual-performing-arts.html,
Cameron University,https://www.bachelorsportal.com/universities/17530/cameron-university.html,
Camosun College,https://www.bachelorsportal.com/universities/22197/camosun-college.html,
Campbell University,https://www.bachelorsportal.com/universities/17425/campbell-university.html,
Canadian University of Dubai,https://www.bachelorsportal.com/universities/12795/canadian-university-of-dubai.html,
Canadore College,https://www.bachelorsportal.com/universities/20842/canadore-college.html,"https://storage-prtl-co.imgix.net/endor/organisations/20842/images/1752255689_square-logo-800x800-colour.jpg?fit=fill&fill=solid&fill-color=00FFFFFF&w=48&h=48&auto=format,compress"
Canary Islands Business School,https://www.bachelorsportal.com/universities/21195/canary-islands-business-school.html,
Canisius College,https://www.bachelorsportal.com/universities/16963/canisius-college.html,
Cankaya University,https://www.bachelorsportal.com/universities/1919/cankaya-university.html,
Canterbury Christ Church University,https://www.bachelorsportal.com/universities/448/canterbury-christ-church-university.html,
Cape Breton University,https://www.bachelorsportal.com/universities/17144/cape-breton-university.html,"https://storage-prtl-co.imgix.net/endor/organisations/17144/images/1694633398_cbu_logo_short_orange.png?fit=fill&fill=solid&fill-color=00FFFFFF&w=48&h=48&auto=format,compress"
Cape Peninsula University of Technology,https://www.bachelorsportal.com/universities/17252/cape-peninsula-university-of-technology.html,
Capilano University,https://www.bachelorsportal.com/universities/18281/capilano-university.html,
Capital Medical University,https://www.bachelorsportal.com/universities/13030/capital-medical-university.html,
Capital Normal University,https://www.bachelorsportal.com/universities/13957/capital-normal-university.html,
Capital University,https://www.bachelorsportal.com/universities/15836/capital-university.html,
Cardiff Metropolitan University,https://www.bachelorsportal.com/universities/10852/cardiff-metropolitan-university.html,
Cardiff University,https://www.bachelorsportal.com/universities/148/cardiff-university.html,"https://storage-prtl-co.imgix.net/endor/organisations/148/images/1681300377_cardiff-university-large-logo.jpg?fit=fill&fill=solid&fill-color=00FFFFFF&w=48&h=48&auto=format,compress"
Carinthia University of Applied Sciences,https://www.bachelorsportal.com/universities/407/carinthia-university-of-applied-sciences.html,
Caritas Institute of Higher Education,https://www.bachelorsportal.com/universities/22100/caritas-institute-of-higher-education.html,
Carleton College,https://www.bachelorsportal.com/universities/14256/carleton-college.html,
Carleton University,https://www.bachelorsportal.com/universities/11922/carleton-university.html,
Carlos Albizu University,https://www.bachelorsportal.com/universities/22061/carlos-albizu-university.html,
Carlow College,https://www.bachelorsportal.com/universities/20425/carlow-college.html,
Carson-Newman University,https://www.bachelorsportal.com/universities/18045/carson-newman-university.html,
Cascadia Community College,https://www.bachelorsportal.com/universities/19646/cascadia-community-college.html,
Case Western Reserve University,https://www.bachelorsportal.com/universities/11551/case-western-reserve-university.html,
CASS Europe,https://www.bachelorsportal.com/universities/19875/cass-europe.html,
Catholic University of America,https://www.bachelorsportal.com/universities/14724/catholic-university-of-america.html,
Catholic University of Portugal,https://www.bachelorsportal.com/universities/489/catholic-university-of-portugal.html,
CBS International Business School,https://www.bachelorsportal.com/universities/1062/cbs-international-business-school.html,"https://storage-prtl-co.imgix.net/endor/organisations/1062/images/1631101077_profilbild_social-media.png?fit=fill&fill=solid&fill-color=00FFFFFF&w=48&h=48&auto=format,compress"
CCT College Dublin,https://www.bachelorsportal.com/universities/20895/cct-college-dublin.html,
CDI College,https://www.bachelorsportal.com/universities/15578/cdi-college.html,
Cedar Crest College,https://www.bachelorsportal.com/universities/17990/cedar-crest-college.html,
Cedarville University,https://www.bachelorsportal.com/universities/17916/cedarville-university.html,
Centennial College,https://www.bachelorsportal.com/universities/17213/centennial-college.html,"https://storage-prtl-co.imgix.net/mp/5de0e76567ef.png?fit=fill&fill=solid&fill-color=00FFFFFF&w=48&h=48&auto=format,compress"
Central College (Iowa),https://www.bachelorsportal.com/universities/17477/central-college.html,
Central Connecticut State University,https://www.bachelorsportal.com/universities/15270/central-connecticut-state-university.html,
Central European University (CEU),https://www.bachelorsportal.com/universities/79/central-european-university.html,"https://storage-prtl-co.imgix.net/mp/5de0e8c7a0c4.png?fit=fill&fill=solid&fill-color=00FFFFFF&w=48&h=48&auto=format,compress"
Central Michigan University,https://www.bachelorsportal.com/universities/14831/central-michigan-university.html,
"Central University of Technology, Free State",https://www.bachelorsportal.com/universities/24007/central-university-of-technology-free-state.html,
Central Washington University,https://www.bachelorsportal.com/universities/17155/central-washington-university.html,
Centrale Nantes,https://www.bachelorsportal.com/universities/320/centrale-nantes.html,
CentraleSupélec,https://www.bachelorsportal.com/universities/20300/centralesuplec.html,
Centre College,https://www.bachelorsportal.com/universities/17382/centre-college.html,
Centria University of Applied Sciences,https://www.bachelorsportal.com/universities/866/centria-university-of-applied-sciences.html,"https://storage-prtl-co.imgix.net/endor/organisations/866/images/1725443605_output-onlinepngtools.png?fit=fill&fill=solid&fill-color=00FFFFFF&w=48&h=48&auto=format,compress"
"CETT Barcelona School of Tourism, Hospitality and Gastronomy - Universitat de Barcelona",https://www.bachelorsportal.com/universities/10355/cett-barcelona-school-of-tourism-hospitality-and-gastronomy-universitat-de-barcelona.html,
CEU Universities,https://www.bachelorsportal.com/universities/837/ceu-universities.html,"https://storage-prtl-co.imgix.net/endor/organisations/837/images/1761126266_ceu-square-logo.png?fit=fill&fill=solid&fill-color=00FFFFFF&w=48&h=48&auto=format,compress"
"CEVRO Institute, Prague",https://www.bachelorsportal.com/universities/20048/cevro-institute-prague.html,
Chadron State College,https://www.bachelorsportal.com/universities/15564/chadron-state-college.html,
Champlain College,https://www.bachelorsportal.com/universities/11533/champlain-college.html,
Chang Gung University of Science and Technology,https://www.bachelorsportal.com/universities/21356/chang-gung-university-of-science-and-technology.html,
Chang'an University,https://www.bachelorsportal.com/universities/14550/changan-university.html,
Chaoyang University of Technology,https://www.bachelorsportal.com/universities/14066/chaoyang-university-of-technology.html,
Chapman University,https://www.bachelorsportal.com/universities/15001/chapman-university.html,
Charité - Universitätsmedizin Berlin,https://www.bachelorsportal.com/universities/131/charit-universittsmedizin-berlin.html,
Charles Darwin University,https://www.bachelorsportal.com/universities/10703/charles-darwin-university.html,
Charles Sturt University,https://www.bachelorsportal.com/universities/11072/charles-sturt-university.html,"https://storage-prtl-co.imgix.net/endor/organisations/11072/logos/sq-11072.png?fit=fill&fill=solid&fill-color=00FFFFFF&w=48&h=48&auto=format,compress"
Charles University,https://www.bachelorsportal.com/universities/23/charles-university.html,
Chatham University,https://www.bachelorsportal.com/universities/17635/chatham-university.html,
Chiang Mai University,https://www.bachelorsportal.com/universities/14344/chiang-mai-university.html,
Chicago State University,https://www.bachelorsportal.com/universities/17428/chicago-state-university.html,
China Medical University,https://www.bachelorsportal.com/universities/12919/china-medical-university.html,
China Pharmaceutical University,https://www.bachelorsportal.com/universities/20370/china-pharmaceutical-university.html,
China University of Geosciences Beijing,https://www.bachelorsportal.com/universities/21402/china-university-of-geosciences-beijing.html,
China University of Geosciences Wuhan,https://www.bachelorsportal.com/universities/13374/china-university-of-geosciences-wuhan.html,
China University of Petroleum (East China),https://www.bachelorsportal.com/universities/21432/china-university-of-petroleum.html,
Chisholm Institute,https://www.bachelorsportal.com/universities/24212/chisholm-institute.html,
Chongqing Technology and Business University,https://www.bachelorsportal.com/universities/14577/chongqing-technology-and-business-university.html,
Christopher Newport University,https://www.bachelorsportal.com/universities/17097/christopher-newport-university.html,
Chu Hai College of Higher Education,https://www.bachelorsportal.com/universities/22102/chu-hai-college-of-higher-education.html,
Chung Yuan Christian University,https://www.bachelorsportal.com/universities/13991/chung-yuan-christian-university.html,
Chung-Ang University,https://www.bachelorsportal.com/universities/13920/chung-ang-university.html,
CIIM - Cyprus International Institute of Management,https://www.bachelorsportal.com/universities/560/ciim-cyprus-international-institute-of-management.html,
"City St George's, University of London",https://www.bachelorsportal.com/universities/1822/city-st-georges-university-of-london.html,
City University Ajman,https://www.bachelorsportal.com/universities/24094/city-university-ajman.html,
City University of Hong Kong,https://www.bachelorsportal.com/universities/12007/city-university-of-hong-kong.html,
City University of Seattle,https://www.bachelorsportal.com/universities/17593/city-university-of-seattle.html,
"City, University of London",https://www.bachelorsportal.com/universities/300/city-university-of-london.html,
Claflin University,https://www.bachelorsportal.com/universities/17482/claflin-university.html,
Claremont McKenna College,https://www.bachelorsportal.com/universities/16746/claremont-mckenna-college.html,
Clark Atlanta University,https://www.bachelorsportal.com/universities/17083/clark-atlanta-university.html,
Clark University,https://www.bachelorsportal.com/universities/11939/clark-university.html,
Clarkson University,https://www.bachelorsportal.com/universities/11436/clarkson-university.html,
Clayton State University,https://www.bachelorsportal.com/universities/17338/clayton-state-university.html,
Cleary University,https://www.bachelorsportal.com/universities/22067/cleary-university.html,
Clemson University,https://www.bachelorsportal.com/universities/11943/clemson-university.html,
Clermont School of Business,https://www.bachelorsportal.com/universities/12850/clermont-school-of-business.html,
Cleveland Institute of Music,https://www.bachelorsportal.com/universities/18069/cleveland-institute-of-music.html,
Cleveland State University (CSU),https://www.bachelorsportal.com/universities/12961/cleveland-state-university.html,
Coastal Carolina University,https://www.bachelorsportal.com/universities/16579/coastal-carolina-university.html,
Codarts Rotterdam,https://www.bachelorsportal.com/universities/9512/codarts-rotterdam.html,
CODE University of Applied Sciences,https://www.bachelorsportal.com/universities/16350/code-university-of-applied-sciences.html,
Coe College,https://www.bachelorsportal.com/universities/17407/coe-college.html,
Colby College,https://www.bachelorsportal.com/universities/15120/colby-college.html,
Colgate University,https://www.bachelorsportal.com/universities/16571/colgate-university.html,
College at Brockport SUNY,https://www.bachelorsportal.com/universities/17322/college-at-brockport-suny.html,
College for Creative Studies,https://www.bachelorsportal.com/universities/18073/college-for-creative-studies.html,
College of Charleston,https://www.bachelorsportal.com/universities/16066/college-of-charleston.html,
College of DuPage,https://www.bachelorsportal.com/universities/17590/college-of-dupage.html,
College of Management - City University of Seattle,https://www.bachelorsportal.com/universities/1425/college-of-management-city-university-of-seattle.html,
College of Saint Benedict & Saint John's University,https://www.bachelorsportal.com/universities/17387/college-of-saint-benedict-saint-johns-university.html,
College of the Canyons,https://www.bachelorsportal.com/universities/19833/college-of-the-canyons.html,
College of the Holy Cross,https://www.bachelorsportal.com/universities/16721/college-of-the-holy-cross.html,
College of The Rockies,https://www.bachelorsportal.com/universities/24181/college-of-the-rockies.html,
College of Wooster,https://www.bachelorsportal.com/universities/17390/college-of-wooster.html,
Colorado Christian University,https://www.bachelorsportal.com/universities/11311/colorado-christian-university.html,
Colorado College,https://www.bachelorsportal.com/universities/16877/colorado-college.html,
Colorado Mesa University,https://www.bachelorsportal.com/universities/15565/colorado-mesa-university.html,"https://storage-prtl-co.imgix.net/endor/organisations/15565/logos/sq-15565.png?fit=fill&fill=solid&fill-color=00FFFFFF&w=48&h=48&auto=format,compress"
Colorado State University,https://www.bachelorsportal.com/universities/11257/colorado-state-university.html,"https://storage-prtl-co.imgix.net/mp/5de0e5d4326e.png?fit=fill&fill=solid&fill-color=00FFFFFF&w=48&h=48&auto=format,compress"
Colorado State University Pueblo,https://www.bachelorsportal.com/universities/17533/colorado-state-university-pueblo.html,
Columbia College Chicago,https://www.bachelorsportal.com/universities/17301/columbia-college-chicago.html,
Columbia International University,https://www.bachelorsportal.com/universities/17379/columbia-international-university.html,
Columbia University,https://www.bachelorsportal.com/universities/11717/columbia-university.html,
Columbus State University,https://www.bachelorsportal.com/universities/16193/columbus-state-university.html,
Comenius University Bratislava,https://www.bachelorsportal.com/universities/896/comenius-university-bratislava.html,
COMSATS University Islamabad,https://www.bachelorsportal.com/universities/20311/comsats-university-islamabad.html,
Concord University,https://www.bachelorsportal.com/universities/14994/concord-university.html,
Concordia College,https://www.bachelorsportal.com/universities/17975/concordia-college.html,
Concordia University Irvine,https://www.bachelorsportal.com/universities/17871/concordia-university-irvine.html,
Concordia University Montréal,https://www.bachelorsportal.com/universities/11927/concordia-university-montral.html,
Concordia University Nebraska,https://www.bachelorsportal.com/universities/18139/concordia-university-nebraska.html,
Concordia University of Chicago,https://www.bachelorsportal.com/universities/15920/concordia-university-of-chicago.html,
Concordia University of Edmonton,https://www.bachelorsportal.com/universities/10528/concordia-university-of-edmonton.html,
Concordia University Wisconsin,https://www.bachelorsportal.com/universities/18084/concordia-university-wisconsin.html,
"Concordia University, St. Paul",https://www.bachelorsportal.com/universities/15837/concordia-university-st-paul.html,
Conestoga College,https://www.bachelorsportal.com/universities/20287/conestoga-college.html,
Confederation College,https://www.bachelorsportal.com/universities/20901/confederation-college.html,
Connecticut College,https://www.bachelorsportal.com/universities/16883/connecticut-college.html,
Constructor University,https://www.bachelorsportal.com/universities/408/constructor-university.html,
Cooper Union for the Advancement of Science and Art,https://www.bachelorsportal.com/universities/17524/cooper-union-for-the-advancement-of-science-and-art.html,
Copenhagen Business School (CBS),https://www.bachelorsportal.com/universities/730/copenhagen-business-school.html,
Cornell University,https://www.bachelorsportal.com/universities/11718/cornell-university.html,
Corvinus University of Budapest,https://www.bachelorsportal.com/universities/655/corvinus-university-of-budapest.html,"https://storage-prtl-co.imgix.net/endor/organisations/655/images/1745582295_corvinus_university_logo_black.jpg?fit=fill&fill=solid&fill-color=00FFFFFF&w=48&h=48&auto=format,compress"
Cours Florent School,https://www.bachelorsportal.com/universities/17122/cours-florent-school.html,
Covenant College,https://www.bachelorsportal.com/universities/17377/covenant-college.html,
Covenant University,https://www.bachelorsportal.com/universities/20146/covenant-university.html,
Coventry University,https://www.bachelorsportal.com/universities/284/coventry-university.html,
Cracow University of Economics,https://www.bachelorsportal.com/universities/1039/cracow-university-of-economics.html,
Cracow University of Technology,https://www.bachelorsportal.com/universities/993/cracow-university-of-technology.html,
Creighton University,https://www.bachelorsportal.com/universities/13051/creighton-university.html,
Crown Institute of Higher Education,https://www.bachelorsportal.com/universities/19855/crown-institute-of-higher-education.html,
CTBC Business School,https://www.bachelorsportal.com/universities/23449/ctbc-business-school.html,
Culinary Arts Academy Switzerland,https://www.bachelorsportal.com/universities/1632/culinary-arts-academy-switzerland.html,
Culinary Institute of America,https://www.bachelorsportal.com/universities/24338/culinary-institute-of-america.html,
Cumberland University,https://www.bachelorsportal.com/universities/18097/cumberland-university.html,
Curry College,https://www.bachelorsportal.com/universities/16894/curry-college.html,
Curtin Education Centre,https://www.bachelorsportal.com/universities/22143/curtin-education-centre.html,
Curtin University,https://www.bachelorsportal.com/universities/11911/curtin-university.html,"https://storage-prtl-co.imgix.net/mp/5de0e62d449b.png?fit=fill&fill=solid&fill-color=00FFFFFF&w=48&h=48&auto=format,compress"
Curtis Institute of Music,https://www.bachelorsportal.com/universities/18110/curtis-institute-of-music.html,
Cyprus Aydin University,https://www.bachelorsportal.com/universities/24239/cyprus-aydin-university.html,
Cyprus Aydın University,https://www.bachelorsportal.com/universities/19512/cyprus-aydn-university.html,
Cyprus International University,https://www.bachelorsportal.com/universities/16389/cyprus-international-university.html,
Cyprus West University,https://www.bachelorsportal.com/universities/20154/cyprus-west-university.html,
Czech Technical University (CTU),https://www.bachelorsportal.com/universities/24/czech-technical-university.html,
Czech University of Life Sciences Prague,https://www.bachelorsportal.com/universities/841/czech-university-of-life-sciences-prague.html,
Czestochowa University of Technology,https://www.bachelorsportal.com/universities/17153/czestochowa-university-of-technology.html,
D’Youville College,https://www.bachelorsportal.com/universities/17996/dyouville-college.html,
Daegu Gyeongbuk Institute of Science and Technology,https://www.bachelorsportal.com/universities/21650/daegu-gyeongbuk-institute-of-science-and-technology.html,
Dakota State University,https://www.bachelorsportal.com/universities/16979/dakota-state-university.html,
Dalarna University,https://www.bachelorsportal.com/universities/139/dalarna-university.html,
Dalhousie University,https://www.bachelorsportal.com/universities/11901/dalhousie-university.html,"https://storage-prtl-co.imgix.net/endor/organisations/11901/images/1737654358_thumbnail_dal_internationalvert_square.png?fit=fill&fill=solid&fill-color=00FFFFFF&w=48&h=48&auto=format,compress"
Dalian University of Technology,https://www.bachelorsportal.com/universities/12052/dalian-university-of-technology.html,
Dallas Baptist University,https://www.bachelorsportal.com/universities/18114/dallas-baptist-university.html,
Danube Private University (DPU),https://www.bachelorsportal.com/universities/18803/danube-private-university.html,
Darmstadt University of Applied Sciences,https://www.bachelorsportal.com/universities/1359/darmstadt-university-of-applied-sciences.html,
Dartmouth College,https://www.bachelorsportal.com/universities/12047/dartmouth-college.html,
Davenport University,https://www.bachelorsportal.com/universities/18246/davenport-university.html,
Davidson College,https://www.bachelorsportal.com/universities/16807/davidson-college.html,
Davis University,https://www.bachelorsportal.com/universities/23365/davis-university.html,
De La Salle University,https://www.bachelorsportal.com/universities/16725/de-la-salle-university.html,
De Montfort University,https://www.bachelorsportal.com/universities/245/de-montfort-university.html,"https://storage-prtl-co.imgix.net/mp/5de0e7ff86e9.png?fit=fill&fill=solid&fill-color=00FFFFFF&w=48&h=48&auto=format,compress"
Deakin University,https://www.bachelorsportal.com/universities/11000/deakin-university.html,
Dean College,https://www.bachelorsportal.com/universities/16905/dean-college.html,
Deggendorf Institute of Technology,https://www.bachelorsportal.com/universities/836/deggendorf-institute-of-technology.html,
Delaware State University,https://www.bachelorsportal.com/universities/16887/delaware-state-university.html,
Delhi Technological University,https://www.bachelorsportal.com/universities/20584/delhi-technological-university.html,
Delta State University,https://www.bachelorsportal.com/universities/17469/delta-state-university.html,
Democritus University of Thrace,https://www.bachelorsportal.com/universities/21339/democritus-university-of-thrace.html,
Denison University,https://www.bachelorsportal.com/universities/16601/denison-university.html,
DePaul University,https://www.bachelorsportal.com/universities/14239/depaul-university.html,
DeVry University,https://www.bachelorsportal.com/universities/18665/devry-university.html,
Diaconia University of Applied Sciences,https://www.bachelorsportal.com/universities/14264/diaconia-university-of-applied-sciences.html,
Dickinson College,https://www.bachelorsportal.com/universities/16808/dickinson-college.html,
DigiPen Institute of Technology,https://www.bachelorsportal.com/universities/17943/digipen-institute-of-technology.html,
Distance University,https://www.bachelorsportal.com/universities/10808/distance-university.html,
Doane University,https://www.bachelorsportal.com/universities/17436/doane-university.html,
Dogus University,https://www.bachelorsportal.com/universities/15401/dogus-university.html,
Dokuz Eylul University,https://www.bachelorsportal.com/universities/11371/dokuz-eylul-university.html,
Dominican College,https://www.bachelorsportal.com/universities/18314/dominican-college.html,
Dominican University of California,https://www.bachelorsportal.com/universities/11449/dominican-university-of-california.html,
Dongbei University of Finance and Economics,https://www.bachelorsportal.com/universities/10604/dongbei-university-of-finance-and-economics.html,
Donghua University,https://www.bachelorsportal.com/universities/12990/donghua-university.html,
Dordt University,https://www.bachelorsportal.com/universities/18323/dordt-university.html,
Doshisha University,https://www.bachelorsportal.com/universities/15293/doshisha-university.html,
Douglas College,https://www.bachelorsportal.com/universities/17830/douglas-college.html,
Drake University,https://www.bachelorsportal.com/universities/16768/drake-university.html,
Drew University,https://www.bachelorsportal.com/universities/12277/drew-university.html,
Drexel University,https://www.bachelorsportal.com/universities/11253/drexel-university.html,
Drury University,https://www.bachelorsportal.com/universities/17623/drury-university.html,
Dubai Institute of Design and Innovation,https://www.bachelorsportal.com/universities/17536/dubai-institute-of-design-and-innovation.html,
Dublin City University,https://www.bachelorsportal.com/universities/780/dublin-city-university.html,"https://storage-prtl-co.imgix.net/endor/organisations/780/images/1728652541_study_portals_logo_01.png?fit=fill&fill=solid&fill-color=00FFFFFF&w=48&h=48&auto=format,compress"
Ducere Global Business School,https://www.bachelorsportal.com/universities/23809/ducere-global-business-school.html,
Duke Kunshan University,https://www.bachelorsportal.com/universities/15657/duke-kunshan-university.html,"https://storage-prtl-co.imgix.net/endor/organisations/15657/images/1764352958_high-quality-organisation-logo.png?fit=fill&fill=solid&fill-color=00FFFFFF&w=48&h=48&auto=format,compress"
Duke University,https://www.bachelorsportal.com/universities/11720/duke-university.html,
"Dún Laoghaire, Institute of Art, Design + Technology",https://www.bachelorsportal.com/universities/18755/dn-laoghaire-institute-of-art-design-technology.html,
Dundalk Institute of Technology,https://www.bachelorsportal.com/universities/1794/dundalk-institute-of-technology.html,
Duquesne University,https://www.bachelorsportal.com/universities/15073/duquesne-university.html,
Durban University of Technology,https://www.bachelorsportal.com/universities/20668/durban-university-of-technology.html,
Durham College,https://www.bachelorsportal.com/universities/19012/durham-college.html,
Durham University,https://www.bachelorsportal.com/universities/154/durham-university.html,
Dusit Thani College,https://www.bachelorsportal.com/universities/24088/dusit-thani-college.html,
Duy Tan University,https://www.bachelorsportal.com/universities/21362/duy-tan-university.html,
EADA Business School,https://www.bachelorsportal.com/universities/153/eada-business-school.html,
Earlham College,https://www.bachelorsportal.com/universities/16853/earlham-college.html,
East Carolina University,https://www.bachelorsportal.com/universities/13556/east-carolina-university.html,
East China Normal University,https://www.bachelorsportal.com/universities/12054/east-china-normal-university.html,
East China University of Science and Technology,https://www.bachelorsportal.com/universities/13052/east-china-university-of-science-and-technology.html,
East Stroudsburg University,https://www.bachelorsportal.com/universities/17405/east-stroudsburg-university.html,
East Tennessee State University,https://www.bachelorsportal.com/universities/14018/east-tennessee-state-university.html,
East Texas Baptist University (ETBU),https://www.bachelorsportal.com/universities/18334/east-texas-baptist-university.html,
Eastern Institute of Technology,https://www.bachelorsportal.com/universities/22039/eastern-institute-of-technology.html,
Eastern Kentucky University,https://www.bachelorsportal.com/universities/11547/eastern-kentucky-university.html,
Eastern Mediterranean University,https://www.bachelorsportal.com/universities/1804/eastern-mediterranean-university.html,"https://storage-prtl-co.imgix.net/endor/organisations/1804/logos/sq-1804.png?fit=fill&fill=solid&fill-color=00FFFFFF&w=48&h=48&auto=format,compress"
Eastern Mennonite University,https://www.bachelorsportal.com/universities/17706/eastern-mennonite-university.html,
Eastern Michigan University,https://www.bachelorsportal.com/universities/14998/eastern-michigan-university.html,
Eastern New Mexico University,https://www.bachelorsportal.com/universities/17498/eastern-new-mexico-university.html,
Eastern Oregon University,https://www.bachelorsportal.com/universities/17639/eastern-oregon-university.html,
Eastern University,https://www.bachelorsportal.com/universities/17956/eastern-university.html,
Eastern Washington University,https://www.bachelorsportal.com/universities/14990/eastern-washington-university.html,
Eberswalde University for Sustainable Development,https://www.bachelorsportal.com/universities/1177/eberswalde-university-for-sustainable-development.html,
EBS University of Business and Law,https://www.bachelorsportal.com/universities/281/ebs-university-of-business-and-law.html,
Eckerd College,https://www.bachelorsportal.com/universities/17344/eckerd-college.html,
Ecole Centrale de Lyon,https://www.bachelorsportal.com/universities/21815/ecole-centrale-de-lyon.html,
École de Management Appliqué (EMA),https://www.bachelorsportal.com/universities/23513/cole-de-management-appliqu.html,
Ecole de Management de Normandie,https://www.bachelorsportal.com/universities/10864/ecole-de-management-de-normandie.html,
École Ducasse,https://www.bachelorsportal.com/universities/19030/cole-ducasse.html,
École Polytechnique,https://www.bachelorsportal.com/universities/10107/cole-polytechnique.html,
Ecole Supérieure de Gestion (ESG),https://www.bachelorsportal.com/universities/23189/ecole-suprieure-de-gestion.html,
ECPI University,https://www.bachelorsportal.com/universities/18671/ecpi-university.html,
EDC Paris Business School,https://www.bachelorsportal.com/universities/20046/edc-paris-business-school.html,
Edge Hill University,https://www.bachelorsportal.com/universities/11316/edge-hill-university.html,
Edgewood University,https://www.bachelorsportal.com/universities/17937/edgewood-university.html,
EDHEC Business School,https://www.bachelorsportal.com/universities/966/edhec-business-school.html,
Edinburgh Napier University,https://www.bachelorsportal.com/universities/247/edinburgh-napier-university.html,"https://storage-prtl-co.imgix.net/mp/5de0e8013999.png?fit=fill&fill=solid&fill-color=00FFFFFF&w=48&h=48&auto=format,compress"
Edith Cowan University,https://www.bachelorsportal.com/universities/11143/edith-cowan-university.html,"https://storage-prtl-co.imgix.net/endor/organisations/11143/images/1757469867_ecu-logo-512x512.png?fit=fill&fill=solid&fill-color=00FFFFFF&w=48&h=48&auto=format,compress"
Ege University,https://www.bachelorsportal.com/universities/20961/ege-university.html,
EHL Hospitality Business School,https://www.bachelorsportal.com/universities/1490/ehl-hospitality-business-school.html,
"EICAR, The International Film and Television School of Paris",https://www.bachelorsportal.com/universities/15691/eicar-the-international-film-and-television-school-of-paris.html,
Eikei University of Hiroshima,https://www.bachelorsportal.com/universities/22877/eikei-university-of-hiroshima.html,
Eindhoven University of Technology (TU/e),https://www.bachelorsportal.com/universities/1/eindhoven-university-of-technology.html,"https://storage-prtl-co.imgix.net/mp/5de0e581bd2f.png?fit=fill&fill=solid&fill-color=00FFFFFF&w=48&h=48&auto=format,compress"
Elizabethtown College,https://www.bachelorsportal.com/universities/17327/elizabethtown-college.html,
Elmhurst University,https://www.bachelorsportal.com/universities/17318/elmhurst-university.html,
Elmira College,https://www.bachelorsportal.com/universities/17964/elmira-college.html,
Elms College,https://www.bachelorsportal.com/universities/16922/elms-college.html,
Elon University,https://www.bachelorsportal.com/universities/16147/elon-university.html,
Embry-Riddle Aeronautical University,https://www.bachelorsportal.com/universities/15171/embry-riddle-aeronautical-university.html,"https://storage-prtl-co.imgix.net/endor/organisations/15171/logos/sq-15171.png?fit=fill&fill=solid&fill-color=00FFFFFF&w=48&h=48&auto=format,compress"
Emerson College,https://www.bachelorsportal.com/universities/16889/emerson-college.html,
Emily Carr University of Art + Design,https://www.bachelorsportal.com/universities/17805/emily-carr-university-of-art-design.html,
Emirates Aviation University,https://www.bachelorsportal.com/universities/14952/emirates-aviation-university.html,
emlyon business school,https://www.bachelorsportal.com/universities/423/emlyon-business-school.html,"https://storage-prtl-co.imgix.net/endor/organisations/423/images/1637752196_emlyon-business-school-logo-512x512.png?fit=fill&fill=solid&fill-color=00FFFFFF&w=48&h=48&auto=format,compress"
Emmanuel College,https://www.bachelorsportal.com/universities/16880/emmanuel-college.html,
Emory University,https://www.bachelorsportal.com/universities/11723/emory-university.html,
Emporia State University,https://www.bachelorsportal.com/universities/10588/emporia-state-university.html,
Endicott College,https://www.bachelorsportal.com/universities/16871/endicott-college.html,
Engineering Institute of Technology,https://www.bachelorsportal.com/universities/12928/engineering-institute-of-technology.html,"https://storage-prtl-co.imgix.net/endor/organisations/12928/logos/sq-12928.png?fit=fill&fill=solid&fill-color=00FFFFFF&w=48&h=48&auto=format,compress"
Eötvös Loránd University,https://www.bachelorsportal.com/universities/471/etvs-lornd-university.html,
EPITA School of Engineering and Computer Science,https://www.bachelorsportal.com/universities/418/epita-school-of-engineering-and-computer-science.html,
EPLO/ European Law and Governance School (ELGS),https://www.bachelorsportal.com/universities/11251/eplo-european-law-and-governance-school.html,
Erasmus University College,https://www.bachelorsportal.com/universities/16144/erasmus-university-college.html,"https://storage-prtl-co.imgix.net/mp/5de0e7351645.png?fit=fill&fill=solid&fill-color=00FFFFFF&w=48&h=48&auto=format,compress"
Erasmus University Rotterdam,https://www.bachelorsportal.com/universities/74/erasmus-university-rotterdam.html,
Erzincan Binali Yildirim University,https://www.bachelorsportal.com/universities/21311/erzincan-binali-yildirim-university.html,
Esade,https://www.bachelorsportal.com/universities/1338/esade.html,
ESC Bretagne - Brest Business School,https://www.bachelorsportal.com/universities/22177/esc-bretagne-brest-business-school.html,
Escape Studios,https://www.bachelorsportal.com/universities/12365/escape-studios.html,
ESCE Business School,https://www.bachelorsportal.com/universities/23898/esce-business-school.html,
ESCP Business School,https://www.bachelorsportal.com/universities/202/escp-business-school.html,"https://storage-prtl-co.imgix.net/mp/5de0e7ee47ae.png?fit=fill&fill=solid&fill-color=00FFFFFF&w=48&h=48&auto=format,compress"
ESDES Business School,https://www.bachelorsportal.com/universities/11182/esdes-business-school.html,"https://storage-prtl-co.imgix.net/mp/5de0e5d0322d.png?fit=fill&fill=solid&fill-color=00FFFFFF&w=48&h=48&auto=format,compress"
ESEI International Business School in Barcelona,https://www.bachelorsportal.com/universities/1003/esei-international-business-school-in-barcelona.html,
ESIC Business & Marketing School,https://www.bachelorsportal.com/universities/12346/esic-business-marketing-school.html,
ESLSCA University,https://www.bachelorsportal.com/universities/21410/eslsca-university.html,
ESRA International Film School,https://www.bachelorsportal.com/universities/15738/esra-international-film-school.html,
ESSCA School of Management,https://www.bachelorsportal.com/universities/19929/essca-school-of-management.html,
ESSEC Business School - Paris,https://www.bachelorsportal.com/universities/14892/essec-business-school-paris.html,
Estonian University of Life Sciences,https://www.bachelorsportal.com/universities/840/estonian-university-of-life-sciences.html,"https://storage-prtl-co.imgix.net/mp/5de0e8d2e24d.png?fit=fill&fill=solid&fill-color=00FFFFFF&w=48&h=48&auto=format,compress"
EU Business School,https://www.bachelorsportal.com/universities/474/eu-business-school.html,"https://storage-prtl-co.imgix.net/mp/5de0e86101ca.png?fit=fill&fill=solid&fill-color=00FFFFFF&w=48&h=48&auto=format,compress"
EUM (Escola Universitaria Mediterrani),https://www.bachelorsportal.com/universities/24353/eum.html,
Euro College,https://www.bachelorsportal.com/universities/11342/euro-college.html,
Euro University of Bahrain (EUB),https://www.bachelorsportal.com/universities/24316/euro-university-of-bahrain.html,
European College of Business and Management,https://www.bachelorsportal.com/universities/22193/european-college-of-business-and-management.html,
"European Institute of Innovation, Entrepreneurship, and Technology (eiIET)",https://www.bachelorsportal.com/universities/23187/european-institute-of-innovation-entrepreneurship-and-technology.html,
European Leadership University,https://www.bachelorsportal.com/universities/19031/european-leadership-university.html,
European School of Economics,https://www.bachelorsportal.com/universities/12459/european-school-of-economics.html,"https://storage-prtl-co.imgix.net/endor/organisations/12459/logos/sq-12459.png?fit=fill&fill=solid&fill-color=00FFFFFF&w=48&h=48&auto=format,compress"
European University Cyprus (EUC),https://www.bachelorsportal.com/universities/1493/european-university-cyprus.html,"https://storage-prtl-co.imgix.net/mp/5de0e6f6922d.png?fit=fill&fill=solid&fill-color=00FFFFFF&w=48&h=48&auto=format,compress"
European University Georgia,https://www.bachelorsportal.com/universities/21017/european-university-georgia.html,
European University Viadrina Frankfurt (Oder),https://www.bachelorsportal.com/universities/282/european-university-viadrina-frankfurt.html,
Evergreen State College,https://www.bachelorsportal.com/universities/17192/evergreen-state-college.html,
Excelsia College,https://www.bachelorsportal.com/universities/19858/excelsia-college.html,
Fairfield University,https://www.bachelorsportal.com/universities/14852/fairfield-university.html,
Fairleigh Dickinson University,https://www.bachelorsportal.com/universities/16115/fairleigh-dickinson-university.html,
Fairmont State University,https://www.bachelorsportal.com/universities/14993/fairmont-state-university.html,
Faith International University,https://www.bachelorsportal.com/universities/18336/faith-international-university.html,
Falmouth University,https://www.bachelorsportal.com/universities/392/falmouth-university.html,
Fanshawe College,https://www.bachelorsportal.com/universities/20806/fanshawe-college.html,
Far Eastern Federal University (FEFU),https://www.bachelorsportal.com/universities/15342/far-eastern-federal-university.html,
Fashion Institute of Technology SUNY,https://www.bachelorsportal.com/universities/17564/fashion-institute-of-technology-suny.html,
Fatih Sultan Mehmet Vakif University,https://www.bachelorsportal.com/universities/1684/fatih-sultan-mehmet-vakif-university.html,
Fayetteville State University,https://www.bachelorsportal.com/universities/17277/fayetteville-state-university.html,
Federation University Australia,https://www.bachelorsportal.com/universities/12745/federation-university-australia.html,"https://storage-prtl-co.imgix.net/endor/organisations/12745/images/1757557473_federation-university-logo_squaretransp_512x512pxl.png?fit=fill&fill=solid&fill-color=00FFFFFF&w=48&h=48&auto=format,compress"
Fenerbahce University,https://www.bachelorsportal.com/universities/24280/fenerbahce-university.html,"https://storage-prtl-co.imgix.net/endor/organisations/24280/images/1759498818_fbu-logo.png?fit=fill&fill=solid&fill-color=00FFFFFF&w=48&h=48&auto=format,compress"
Feng Chia University,https://www.bachelorsportal.com/universities/13819/feng-chia-university.html,
Ferdowsi University of Mashhad,https://www.bachelorsportal.com/universities/21440/ferdowsi-university-of-mashhad.html,
FH Aachen - University of Applied Sciences,https://www.bachelorsportal.com/universities/124/fh-aachen-university-of-applied-sciences.html,
FH Joanneum University of Applied Sciences,https://www.bachelorsportal.com/universities/1608/fh-joanneum-university-of-applied-sciences.html,
Fisher College,https://www.bachelorsportal.com/universities/16920/fisher-college.html,
Fisk University,https://www.bachelorsportal.com/universities/16567/fisk-university.html,
Fitchburg State University,https://www.bachelorsportal.com/universities/16919/fitchburg-state-university.html,
Flagler College,https://www.bachelorsportal.com/universities/17776/flagler-college.html,
Fleming College,https://www.bachelorsportal.com/universities/21255/fleming-college.html,
Flinders University,https://www.bachelorsportal.com/universities/11944/flinders-university.html,"https://storage-prtl-co.imgix.net/endor/organisations/11944/images/1741196958_untitled-design.png?fit=fill&fill=solid&fill-color=00FFFFFF&w=48&h=48&auto=format,compress"
Florida Atlantic University,https://www.bachelorsportal.com/universities/12528/florida-atlantic-university.html,
Florida Gulf Coast University,https://www.bachelorsportal.com/universities/16723/florida-gulf-coast-university.html,
Florida Institute of Technology,https://www.bachelorsportal.com/universities/13806/florida-institute-of-technology.html,
Florida International University (FIU),https://www.bachelorsportal.com/universities/11023/florida-international-university.html,"https://storage-prtl-co.imgix.net/mp/5de0e5c28fdf.png?fit=fill&fill=solid&fill-color=00FFFFFF&w=48&h=48&auto=format,compress"
Florida National University-Main Campus,https://www.bachelorsportal.com/universities/18342/florida-national-university-main-campus.html,
Florida Polytechnic University,https://www.bachelorsportal.com/universities/14194/florida-polytechnic-university.html,
Florida Southern College,https://www.bachelorsportal.com/universities/17934/florida-southern-college.html,
Florida State College at Jacksonville,https://www.bachelorsportal.com/universities/19291/florida-state-college-at-jacksonville.html,
Florida State University,https://www.bachelorsportal.com/universities/11951/florida-state-university.html,
Fontys University of Applied Sciences,https://www.bachelorsportal.com/universities/831/fontys-university-of-applied-sciences.html,"https://storage-prtl-co.imgix.net/mp/5de0e8d13ba5.png?fit=fill&fill=solid&fill-color=00FFFFFF&w=48&h=48&auto=format,compress"
Fordham University,https://www.bachelorsportal.com/universities/11960/fordham-university.html,
Fort Lewis College,https://www.bachelorsportal.com/universities/16283/fort-lewis-college.html,
Forward College,https://www.bachelorsportal.com/universities/23801/forward-college.html,"https://storage-prtl-co.imgix.net/endor/organisations/23801/images/1729613438_fwd-logotype-orange-1_1-1.png?fit=fill&fill=solid&fill-color=00FFFFFF&w=48&h=48&auto=format,compress"
Framingham State University,https://www.bachelorsportal.com/universities/16879/framingham-state-university.html,
Francis Marion University,https://www.bachelorsportal.com/universities/17595/francis-marion-university.html,
Franciscan University of Steubenville,https://www.bachelorsportal.com/universities/17904/franciscan-university-of-steubenville.html,
Frankfurt School of Finance and Management,https://www.bachelorsportal.com/universities/604/frankfurt-school-of-finance-and-management.html,"https://storage-prtl-co.imgix.net/mp/5de0e8938a3d.png?fit=fill&fill=solid&fill-color=00FFFFFF&w=48&h=48&auto=format,compress"
Franklin Pierce University,https://www.bachelorsportal.com/universities/24180/franklin-pierce-university.html,
Franklin University,https://www.bachelorsportal.com/universities/18343/franklin-university.html,
Free University of Bozen-Bolzano,https://www.bachelorsportal.com/universities/860/free-university-of-bozen-bolzano.html,
Freie Universität Berlin,https://www.bachelorsportal.com/universities/31/freie-universitt-berlin.html,
Fresenius University of Applied Sciences,https://www.bachelorsportal.com/universities/14453/fresenius-university-of-applied-sciences.html,"https://storage-prtl-co.imgix.net/mp/5de0e6e57374.png?fit=fill&fill=solid&fill-color=00FFFFFF&w=48&h=48&auto=format,compress"
Fresno Pacific University,https://www.bachelorsportal.com/universities/17862/fresno-pacific-university.html,
Friedrich-Alexander-Universität Erlangen-Nürnberg (FAU),https://www.bachelorsportal.com/universities/46/friedrich-alexander-universitt-erlangen-nrnberg.html,
Fujian Medical University,https://www.bachelorsportal.com/universities/14593/fujian-medical-university.html,
Fulda University of Applied Sciences,https://www.bachelorsportal.com/universities/1293/fulda-university-of-applied-sciences.html,
Full Sail University,https://www.bachelorsportal.com/universities/12030/full-sail-university.html,"https://storage-prtl-co.imgix.net/endor/organisations/12030/logos/sq-12030.png?fit=fill&fill=solid&fill-color=00FFFFFF&w=48&h=48&auto=format,compress"
Furman University,https://www.bachelorsportal.com/universities/16457/furman-university.html,
Furtwangen University,https://www.bachelorsportal.com/universities/156/furtwangen-university.html,
Galen University,https://www.bachelorsportal.com/universities/18846/galen-university.html,
Gallaudet University,https://www.bachelorsportal.com/universities/17031/gallaudet-university.html,
Gannon University,https://www.bachelorsportal.com/universities/11437/gannon-university.html,
"Gasma, Gastronomy and Culinary Management Campus",https://www.bachelorsportal.com/universities/18578/gasma-gastronomy-and-culinary-management-campus.html,"https://storage-prtl-co.imgix.net/mp/5de0e7ad2000.png?fit=fill&fill=solid&fill-color=00FFFFFF&w=48&h=48&auto=format,compress"
GBSB Global Business School,https://www.bachelorsportal.com/universities/18823/gbsb-global-business-school.html,"https://storage-prtl-co.imgix.net/mp/5de0e7b54a3d.png?fit=fill&fill=solid&fill-color=00FFFFFF&w=48&h=48&auto=format,compress"
Gdansk University of Physical Education and Sport,https://www.bachelorsportal.com/universities/21257/gdansk-university-of-physical-education-and-sport.html,
Gdansk University of Technology,https://www.bachelorsportal.com/universities/794/gdansk-university-of-technology.html,
GEA College - Faculty of Entrepreneurship,https://www.bachelorsportal.com/universities/1266/gea-college-faculty-of-entrepreneurship.html,
Gebze Technological University,https://www.bachelorsportal.com/universities/16381/gebze-technological-university.html,
GEM Alpine Business School,https://www.bachelorsportal.com/universities/997/gem-alpine-business-school.html,"https://storage-prtl-co.imgix.net/endor/organisations/997/images/1763741072_gem-lo.png?fit=fill&fill=solid&fill-color=00FFFFFF&w=48&h=48&auto=format,compress"
Geneva Business School,https://www.bachelorsportal.com/universities/19147/geneva-business-school.html,"https://storage-prtl-co.imgix.net/endor/organisations/19147/images/1753263118_geneva-business-school-circle-logo-2020-004.png?fit=fill&fill=solid&fill-color=00FFFFFF&w=48&h=48&auto=format,compress"
Geneva Business School - Barcelona Campus,https://www.bachelorsportal.com/universities/24377/geneva-business-school-barcelona-campus.html,
Geneva Business School - Madrid Campus,https://www.bachelorsportal.com/universities/24378/geneva-business-school-madrid-campus.html,
Geneva School of Diplomacy and International Relations,https://www.bachelorsportal.com/universities/746/geneva-school-of-diplomacy-and-international-relations.html,
George Brown College,https://www.bachelorsportal.com/universities/17752/george-brown-college.html,
"George Emil Palade University of Medicine, Pharmacy, Science, and Technology of Targu Mures",https://www.bachelorsportal.com/universities/21338/george-emil-palade-university-of-medicine-pharmacy-science-and-technology-of-targu-mures.html,
George Washington University,https://www.bachelorsportal.com/universities/12046/george-washington-university.html,
Georgetown University,https://www.bachelorsportal.com/universities/12056/georgetown-university.html,
Georgia College,https://www.bachelorsportal.com/universities/17502/georgia-college.html,
Georgia Institute of Technology,https://www.bachelorsportal.com/universities/11725/georgia-institute-of-technology.html,
Georgia Southern University,https://www.bachelorsportal.com/universities/15074/georgia-southern-university.html,
Georgia State University,https://www.bachelorsportal.com/universities/12057/georgia-state-university.html,
Georgian College,https://www.bachelorsportal.com/universities/18142/georgian-college.html,
German Jordanian University (GJU) – Amman,https://www.bachelorsportal.com/universities/24313/german-jordanian-university-amman.html,
German University in Cairo,https://www.bachelorsportal.com/universities/13328/german-university-in-cairo.html,
Gettysburg College,https://www.bachelorsportal.com/universities/16859/gettysburg-college.html,
Ghent University,https://www.bachelorsportal.com/universities/78/ghent-university.html,
Gheorghe Asachi Technical University of Iasi (TUIASI),https://www.bachelorsportal.com/universities/1047/gheorghe-asachi-technical-university-of-iasi.html,
Gisma University of Applied Sciences,https://www.bachelorsportal.com/universities/15849/gisma-university-of-applied-sciences.html,
Glion Institute of Higher Education,https://www.bachelorsportal.com/universities/1225/glion-institute-of-higher-education.html,"https://storage-prtl-co.imgix.net/mp/5de0e6666395.png?fit=fill&fill=solid&fill-color=00FFFFFF&w=48&h=48&auto=format,compress"
Global Academy at Siam University,https://www.bachelorsportal.com/universities/23868/global-academy-at-siam-university.html,
Global Banking School Malta,https://www.bachelorsportal.com/universities/23501/global-banking-school-malta.html,"https://storage-prtl-co.imgix.net/endor/organisations/23501/images/1722587294_1721385528_gbs-malta-2.png?fit=fill&fill=solid&fill-color=00FFFFFF&w=48&h=48&auto=format,compress"
Global Banking School UK,https://www.bachelorsportal.com/universities/23502/global-banking-school-uk.html,
Global Business Studies Dubai,https://www.bachelorsportal.com/universities/23500/global-business-studies-dubai.html,"https://storage-prtl-co.imgix.net/endor/organisations/23500/images/1722586828_1721385140_2smf_bdn_400x400-1.jpg?fit=fill&fill=solid&fill-color=00FFFFFF&w=48&h=48&auto=format,compress"
Global Institute of Sport,https://www.bachelorsportal.com/universities/23579/global-institute-of-sport.html,
Goldey-Beacom College,https://www.bachelorsportal.com/universities/18350/goldey-beacom-college.html,
"Goldsmiths, University of London",https://www.bachelorsportal.com/universities/521/goldsmiths-university-of-london.html,
Gonzaga University,https://www.bachelorsportal.com/universities/15128/gonzaga-university.html,
Gordon College,https://www.bachelorsportal.com/universities/16895/gordon-college.html,
Goshen College,https://www.bachelorsportal.com/universities/17865/goshen-college.html,
Goucher College,https://www.bachelorsportal.com/universities/17272/goucher-college.html,
Government College Women University Faisalabad,https://www.bachelorsportal.com/universities/20592/government-college-women-university-faisalabad.html,
Grace College and Seminary,https://www.bachelorsportal.com/universities/17993/grace-college-and-seminary.html,
Grace School of Theology,https://www.bachelorsportal.com/universities/18673/grace-school-of-theology.html,
Grand Canyon University,https://www.bachelorsportal.com/universities/17365/grand-canyon-university.html,
Grand Valley State University,https://www.bachelorsportal.com/universities/14051/grand-valley-state-university.html,
Greenville University,https://www.bachelorsportal.com/universities/17927/greenville-university.html,
"Grenoble INP, Graduate schools of Engineering and Management, Université Grenoble Alpes",https://www.bachelorsportal.com/universities/410/grenoble-inp-graduate-schools-of-engineering-and-management-universit-grenoble-alpes.html,
Griffith University,https://www.bachelorsportal.com/universities/11992/griffith-university.html,"https://storage-prtl-co.imgix.net/endor/organisations/11992/images/1706303494_gu_international_social-icon_white-on-red_square-1.png?fit=fill&fill=solid&fill-color=00FFFFFF&w=48&h=48&auto=format,compress"
Grinnell College,https://www.bachelorsportal.com/universities/16765/grinnell-college.html,
Groupe ISM Dakar,https://www.bachelorsportal.com/universities/24130/groupe-ism-dakar.html,
Grove City College,https://www.bachelorsportal.com/universities/17527/grove-city-college.html,
Guangdong University of Foreign Studies,https://www.bachelorsportal.com/universities/13950/guangdong-university-of-foreign-studies.html,
Guangdong University of Technology,https://www.bachelorsportal.com/universities/13931/guangdong-university-of-technology.html,
Guilford College,https://www.bachelorsportal.com/universities/17913/guilford-college.html,
Gulf University,https://www.bachelorsportal.com/universities/24267/gulf-university.html,
Guru Jambheshwar University of Science and Technology,https://www.bachelorsportal.com/universities/20596/guru-jambheshwar-university-of-science-and-technology.html,
Hacettepe University,https://www.bachelorsportal.com/universities/12379/hacettepe-university.html,
Halic University,https://www.bachelorsportal.com/universities/24270/halic-university.html,"https://storage-prtl-co.imgix.net/endor/organisations/24270/images/1759499336_halic.png?fit=fill&fill=solid&fill-color=00FFFFFF&w=48&h=48&auto=format,compress"
Hamad Bin Khalifa University,https://www.bachelorsportal.com/universities/12863/hamad-bin-khalifa-university.html,
Hamburg School of Business Administration (HSBA),https://www.bachelorsportal.com/universities/1220/hamburg-school-of-business-administration.html,
Hamburg University of Applied Sciences,https://www.bachelorsportal.com/universities/17103/hamburg-university-of-applied-sciences.html,
Hamburg University of Technology,https://www.bachelorsportal.com/universities/19366/hamburg-university-of-technology.html,
Hamdan Bin Mohammed Smart University,https://www.bachelorsportal.com/universities/14366/hamdan-bin-mohammed-smart-university.html,
Häme University of Applied Sciences,https://www.bachelorsportal.com/universities/1052/hme-university-of-applied-sciences.html,"https://storage-prtl-co.imgix.net/endor/organisations/1052/images/1692864893_hamk-new-logo-square.png?fit=fill&fill=solid&fill-color=00FFFFFF&w=48&h=48&auto=format,compress"
Hamilton College,https://www.bachelorsportal.com/universities/17010/hamilton-college.html,
Hamline University,https://www.bachelorsportal.com/universities/17372/hamline-university.html,
Hampden Sydney College,https://www.bachelorsportal.com/universities/17285/hampden-sydney-college.html,
Hampton University,https://www.bachelorsportal.com/universities/15236/hampton-university.html,
Han Chiang  University College of Communication,https://www.bachelorsportal.com/universities/22121/han-chiang-university-college-of-communication.html,
HAN University of Applied Sciences,https://www.bachelorsportal.com/universities/91/han-university-of-applied-sciences.html,
Hangzhou Normal University,https://www.bachelorsportal.com/universities/16282/hangzhou-normal-university.html,
Hanken School of Economics,https://www.bachelorsportal.com/universities/146/hanken-school-of-economics.html,"https://storage-prtl-co.imgix.net/mp/5de0e6ebf604.png?fit=fill&fill=solid&fill-color=00FFFFFF&w=48&h=48&auto=format,compress"
Hanoi University of Science and Technology,https://www.bachelorsportal.com/universities/21481/hanoi-university-of-science-and-technology.html,
Hanover College,https://www.bachelorsportal.com/universities/16975/hanover-college.html,
Hanyang University,https://www.bachelorsportal.com/universities/13063/hanyang-university.html,
"Hanze University of Applied Sciences, Groningen",https://www.bachelorsportal.com/universities/101/hanze-university-of-applied-sciences-groningen.html,
Harbin Institute of Technology,https://www.bachelorsportal.com/universities/12094/harbin-institute-of-technology.html,
Harbour.Space Institute of Technology,https://www.bachelorsportal.com/universities/19872/harbourspace-institute-of-technology.html,"https://storage-prtl-co.imgix.net/endor/organisations/19872/images/1739889591_circular_full.png?fit=fill&fill=solid&fill-color=00FFFFFF&w=48&h=48&auto=format,compress"
Hardin-Simmons University,https://www.bachelorsportal.com/universities/22078/hardin-simmons-university.html,
Harding University,https://www.bachelorsportal.com/universities/17376/harding-university.html,
Harper Adams University,https://www.bachelorsportal.com/universities/17743/harper-adams-university.html,
Harrisburg University of Science and Technology,https://www.bachelorsportal.com/universities/18363/harrisburg-university-of-science-and-technology.html,
Hartpury University,https://www.bachelorsportal.com/universities/17949/hartpury-university.html,
Hartwick College,https://www.bachelorsportal.com/universities/17302/hartwick-college.html,"https://storage-prtl-co.imgix.net/endor/organisations/17302/logos/sq-17302.png?fit=fill&fill=solid&fill-color=00FFFFFF&w=48&h=48&auto=format,compress"
Harvey Mudd College,https://www.bachelorsportal.com/universities/15344/harvey-mudd-college.html,
HAS green academy,https://www.bachelorsportal.com/universities/223/has-green-academy.html,
Hasanuddin University,https://www.bachelorsportal.com/universities/21482/hasanuddin-university.html,
Hastings College,https://www.bachelorsportal.com/universities/18362/hastings-college.html,
Haverford College,https://www.bachelorsportal.com/universities/15195/haverford-college.html,
Hawai'i Pacific University,https://www.bachelorsportal.com/universities/17396/hawaii-pacific-university.html,
Health Sciences University,https://www.bachelorsportal.com/universities/17994/health-sciences-university.html,
Heidelberg University,https://www.bachelorsportal.com/universities/49/heidelberg-university.html,
Heinrich Heine University Düsseldorf,https://www.bachelorsportal.com/universities/10201/heinrich-heine-university-dsseldorf.html,
HEIP Politics,https://www.bachelorsportal.com/universities/23888/heip-politics.html,
HELBUS Helsinki School of Business,https://www.bachelorsportal.com/universities/1947/helbus-helsinki-school-of-business.html,
Hellenic American College,https://www.bachelorsportal.com/universities/13108/hellenic-american-college.html,
Hellenic College Holy Cross,https://www.bachelorsportal.com/universities/16943/hellenic-college-holy-cross.html,
HELP University,https://www.bachelorsportal.com/universities/12788/help-university.html,
Henan University,https://www.bachelorsportal.com/universities/13940/henan-university.html,
Henderson State University,https://www.bachelorsportal.com/universities/17468/henderson-state-university.html,
Hendrix College,https://www.bachelorsportal.com/universities/16707/hendrix-college.html,
Heriot-Watt University,https://www.bachelorsportal.com/universities/272/heriot-watt-university.html,
Heriot-Watt University Dubai,https://www.bachelorsportal.com/universities/19009/heriot-watt-university-dubai.html,
High Point University,https://www.bachelorsportal.com/universities/17417/high-point-university.html,
Highline College,https://www.bachelorsportal.com/universities/17911/highline-college.html,
Hillsdale College,https://www.bachelorsportal.com/universities/17520/hillsdale-college.html,
HIM,https://www.bachelorsportal.com/universities/478/him.html,
Hiram College,https://www.bachelorsportal.com/universities/17448/hiram-college.html,
Hiroshima University,https://www.bachelorsportal.com/universities/13065/hiroshima-university.html,
Hobart and William Smith Colleges,https://www.bachelorsportal.com/universities/16819/hobart-and-william-smith-colleges.html,
Hochschule Bremen,https://www.bachelorsportal.com/universities/11376/hochschule-bremen.html,
Hochschule Stralsund - University of Applied Sciences,https://www.bachelorsportal.com/universities/588/hochschule-stralsund-university-of-applied-sciences.html,
Hofstra University,https://www.bachelorsportal.com/universities/14244/hofstra-university.html,
Hokkaido University,https://www.bachelorsportal.com/universities/12103/hokkaido-university.html,
Hollins University,https://www.bachelorsportal.com/universities/17462/hollins-university.html,
Holmesglen Institute of TAFE,https://www.bachelorsportal.com/universities/24216/holmesglen-institute-of-tafe.html,
Holy Apostles College and Seminary,https://www.bachelorsportal.com/universities/18364/holy-apostles-college-and-seminary.html,
Hong Kong Baptist University,https://www.bachelorsportal.com/universities/12749/hong-kong-baptist-university.html,
Hong Kong College of Technology (HKCT),https://www.bachelorsportal.com/universities/23842/hong-kong-college-of-technology.html,
Hong Kong Metropolitan University,https://www.bachelorsportal.com/universities/10512/hong-kong-metropolitan-university.html,
Hong Kong Shue Yan University,https://www.bachelorsportal.com/universities/17221/hong-kong-shue-yan-university.html,
Hood College,https://www.bachelorsportal.com/universities/17354/hood-college.html,
Hope College,https://www.bachelorsportal.com/universities/16488/hope-college.html,
Horizon University College,https://www.bachelorsportal.com/universities/22609/horizon-university-college.html,
Hosei University,https://www.bachelorsportal.com/universities/15385/hosei-university.html,
Hospitality Academy,https://www.bachelorsportal.com/universities/20531/hospitality-academy.html,
"Hotelschool The Hague, Hospitality Business School",https://www.bachelorsportal.com/universities/1115/hotelschool-the-hague-hospitality-business-school.html,"https://storage-prtl-co.imgix.net/endor/organisations/1115/images/1744212173_black-logo.png?fit=fill&fill=solid&fill-color=00FFFFFF&w=48&h=48&auto=format,compress"
Houghton College,https://www.bachelorsportal.com/universities/18365/houghton-college.html,
Houston Christian University,https://www.bachelorsportal.com/universities/17804/houston-christian-university.html,
Howard University,https://www.bachelorsportal.com/universities/14469/howard-university.html,
Howest University of Applied Sciences,https://www.bachelorsportal.com/universities/1350/howest-university-of-applied-sciences.html,
"HTMi, Hotel and Tourism Management Institute Switzerland",https://www.bachelorsportal.com/universities/18466/htmi-hotel-and-tourism-management-institute-switzerland.html,
HTW Berlin,https://www.bachelorsportal.com/universities/517/htw-berlin.html,
HU University of Applied Sciences Utrecht,https://www.bachelorsportal.com/universities/90/hu-university-of-applied-sciences-utrecht.html,
Huaqiao University,https://www.bachelorsportal.com/universities/13982/huaqiao-university.html,
Huazhong University of Science and Technology,https://www.bachelorsportal.com/universities/13068/huazhong-university-of-science-and-technology.html,
Hudson Courses Limited,https://www.bachelorsportal.com/universities/22965/hudson-courses-limited.html,
Hult International Business School,https://www.bachelorsportal.com/universities/638/hult-international-business-school.html,"https://storage-prtl-co.imgix.net/endor/organisations/638/images/1672830755_hult-colour-shield-512x512.png?fit=fill&fill=solid&fill-color=00FFFFFF&w=48&h=48&auto=format,compress"
Humak University of Applied Sciences,https://www.bachelorsportal.com/universities/14270/humak-university-of-applied-sciences.html,
Humber Polytechnic,https://www.bachelorsportal.com/universities/17577/humber-polytechnic.html,"https://storage-prtl-co.imgix.net/endor/organisations/17577/logos/sq-17577.png?fit=fill&fill=solid&fill-color=00FFFFFF&w=48&h=48&auto=format,compress"
Hunan University,https://www.bachelorsportal.com/universities/20295/hunan-university.html,
Hungarian University of Sports Science,https://www.bachelorsportal.com/universities/23920/hungarian-university-of-sports-science.html,
Hussian College Los Angeles,https://www.bachelorsportal.com/universities/20426/hussian-college-los-angeles.html,
Husson University,https://www.bachelorsportal.com/universities/15567/husson-university.html,
HVS Conservatory,https://www.bachelorsportal.com/universities/20941/hvs-conservatory.html,
HZ University of Applied Sciences,https://www.bachelorsportal.com/universities/543/hz-university-of-applied-sciences.html,"https://storage-prtl-co.imgix.net/mp/5de0e8800b43.png?fit=fill&fill=solid&fill-color=00FFFFFF&w=48&h=48&auto=format,compress"
I-Shou University,https://www.bachelorsportal.com/universities/14124/i-shou-university.html,
IAAD. - Istituto d'Arte Applicata e Design,https://www.bachelorsportal.com/universities/1268/iaad-istituto-darte-applicata-e-design.html,
IBAT College Dublin,https://www.bachelorsportal.com/universities/11884/ibat-college-dublin.html,
Ibn Haldun University,https://www.bachelorsportal.com/universities/19196/ibn-haldun-university.html,
ICL Graduate Business School,https://www.bachelorsportal.com/universities/22041/icl-graduate-business-school.html,
ICN Business School,https://www.bachelorsportal.com/universities/22179/icn-business-school.html,
Idaho State University,https://www.bachelorsportal.com/universities/16171/idaho-state-university.html,
IE University,https://www.bachelorsportal.com/universities/13174/ie-university.html,
IESA - School of Arts and Culture,https://www.bachelorsportal.com/universities/1848/iesa-school-of-arts-and-culture.html,"https://storage-prtl-co.imgix.net/endor/organisations/1848/images/1638349168_img_5904.jpg?fit=fill&fill=solid&fill-color=00FFFFFF&w=48&h=48&auto=format,compress"
IÉSEG School of Management,https://www.bachelorsportal.com/universities/1224/iseg-school-of-management.html,"https://storage-prtl-co.imgix.net/mp/5de0e66593f7.png?fit=fill&fill=solid&fill-color=00FFFFFF&w=48&h=48&auto=format,compress"
IFA Paris - International Fashion Academy,https://www.bachelorsportal.com/universities/10242/ifa-paris-international-fashion-academy.html,
IFM Business School,https://www.bachelorsportal.com/universities/22188/ifm-business-school.html,
Ilia State University,https://www.bachelorsportal.com/universities/16678/ilia-state-university.html,
Illinois College,https://www.bachelorsportal.com/universities/17463/illinois-college.html,
Illinois Institute of Technology,https://www.bachelorsportal.com/universities/11964/illinois-institute-of-technology.html,
Illinois Wesleyan University,https://www.bachelorsportal.com/universities/14737/illinois-wesleyan-university.html,
IMC University of Applied Sciences Krems,https://www.bachelorsportal.com/universities/1103/imc-university-of-applied-sciences-krems.html,
IMI International Management Institute Switzerland,https://www.bachelorsportal.com/universities/285/imi-international-management-institute-switzerland.html,
Indian Institute of Science,https://www.bachelorsportal.com/universities/13070/indian-institute-of-science.html,
Indian Institute of Science Education and Research (IISER) Pune,https://www.bachelorsportal.com/universities/20538/indian-institute-of-science-education-and-research-pune.html,
Indian Institute of Science Education and Research Bhopal,https://www.bachelorsportal.com/universities/20600/indian-institute-of-science-education-and-research-bhopal.html,
Indian Institute of Science Education and Research Kolkata (IISER),https://www.bachelorsportal.com/universities/20546/indian-institute-of-science-education-and-research-kolkata.html,
"Indian Institute of Technology (Indian School of Mines), Dhanbad",https://www.bachelorsportal.com/universities/20566/indian-institute-of-technology-dhanbad.html,
Indian Institute of Technology Hyderabad,https://www.bachelorsportal.com/universities/20711/indian-institute-of-technology-hyderabad.html,
Indian Institute of Technology Mandi,https://www.bachelorsportal.com/universities/21441/indian-institute-of-technology-mandi.html,
"Indian Institute of Technology, Bombay",https://www.bachelorsportal.com/universities/13071/indian-institute-of-technology-bombay.html,
"Indian Institute of Technology, Guwahati",https://www.bachelorsportal.com/universities/20933/indian-institute-of-technology-guwahati.html,
"Indian Institute of Technology, Ropar",https://www.bachelorsportal.com/universities/20625/indian-institute-of-technology-ropar.html,
Indian School of Hospitality,https://www.bachelorsportal.com/universities/22721/indian-school-of-hospitality.html,"https://storage-prtl-co.imgix.net/endor/organisations/22721/images/1698319265_logo-blue-01.png?fit=fill&fill=solid&fill-color=00FFFFFF&w=48&h=48&auto=format,compress"
Indiana Tech,https://www.bachelorsportal.com/universities/18677/indiana-tech.html,
Indiana University Bloomington,https://www.bachelorsportal.com/universities/11821/indiana-university-bloomington.html,
Indiana University East,https://www.bachelorsportal.com/universities/14085/indiana-university-east.html,
Indiana University Indianapolis,https://www.bachelorsportal.com/universities/13076/indiana-university-indianapolis.html,
Indiana University Kokomo,https://www.bachelorsportal.com/universities/14213/indiana-university-kokomo.html,
Indiana University Northwest,https://www.bachelorsportal.com/universities/14111/indiana-university-northwest.html,
Indiana University of Pennsylvania,https://www.bachelorsportal.com/universities/16690/indiana-university-of-pennsylvania.html,
Indiana University South Bend,https://www.bachelorsportal.com/universities/14246/indiana-university-south-bend.html,
Indiana University Southeast,https://www.bachelorsportal.com/universities/14273/indiana-university-southeast.html,
Indraprastha Institute of Information Technology Delhi,https://www.bachelorsportal.com/universities/20556/indraprastha-institute-of-information-technology-delhi.html,
Inholland University of Applied Sciences,https://www.bachelorsportal.com/universities/10865/inholland-university-of-applied-sciences.html,"https://storage-prtl-co.imgix.net/mp/5de0e5b83439.png?fit=fill&fill=solid&fill-color=00FFFFFF&w=48&h=48&auto=format,compress"
Inland Norway University of Applied Sciences,https://www.bachelorsportal.com/universities/17503/inland-norway-university-of-applied-sciences.html,
"INSA Business, Marketing & Communication School",https://www.bachelorsportal.com/universities/11959/insa-business-marketing-communication-school.html,
INSA Lyon,https://www.bachelorsportal.com/universities/9296/insa-lyon.html,"https://storage-prtl-co.imgix.net/mp/5de0e8f66106.png?fit=fill&fill=solid&fill-color=00FFFFFF&w=48&h=48&auto=format,compress"
INSEEC Grand École - Business School,https://www.bachelorsportal.com/universities/23897/inseec-grand-cole-business-school.html,
Institut Culinaire de France,https://www.bachelorsportal.com/universities/20153/institut-culinaire-de-france.html,"https://storage-prtl-co.imgix.net/endor/organisations/20153/images/1638217492_70698942c656011582b55954c76f1164.jpg?fit=fill&fill=solid&fill-color=00FFFFFF&w=48&h=48&auto=format,compress"
Institut Teknologi Sepuluh Nopember (ITS Surabaya),https://www.bachelorsportal.com/universities/24310/institut-teknologi-sepuluh-nopember.html,
Institute of Chemical Technology,https://www.bachelorsportal.com/universities/20707/institute-of-chemical-technology.html,
Institute Of Intercultural Communication And Management - ISIT,https://www.bachelorsportal.com/universities/16923/institute-of-intercultural-communication-and-management-isit.html,
Institute of Management Technology Dubai,https://www.bachelorsportal.com/universities/18609/institute-of-management-technology-dubai.html,
Institute of Technology Bandung,https://www.bachelorsportal.com/universities/13908/institute-of-technology-bandung.html,
Instituto Superior Técnico,https://www.bachelorsportal.com/universities/10407/instituto-superior-tcnico.html,
International Baptist College and Seminary,https://www.bachelorsportal.com/universities/18367/international-baptist-college-and-seminary.html,
International Business School,https://www.bachelorsportal.com/universities/947/international-business-school.html,
"International Business School, The Hague Netherlands",https://www.bachelorsportal.com/universities/13204/international-business-school-the-hague-netherlands.html,
International Business University,https://www.bachelorsportal.com/universities/20628/international-business-university.html,
International College Cayman Islands,https://www.bachelorsportal.com/universities/18878/international-college-cayman-islands.html,
International College of Liberal Arts (iCLA) at Yamanashi Gakuin University,https://www.bachelorsportal.com/universities/20237/international-college-of-liberal-arts-at-yamanashi-gakuin-university.html,
"International College of Management, Sydney",https://www.bachelorsportal.com/universities/22082/international-college-of-management-sydney.html,
"International Institute of Information Technology, Hyderabad",https://www.bachelorsportal.com/universities/21385/international-institute-of-information-technology-hyderabad.html,
International Islamic University Islamabad,https://www.bachelorsportal.com/universities/21390/international-islamic-university-islamabad.html,
International Islamic University of Malaysia,https://www.bachelorsportal.com/universities/14977/international-islamic-university-of-malaysia.html,
International School of Management (ISM),https://www.bachelorsportal.com/universities/808/international-school-of-management.html,"https://storage-prtl-co.imgix.net/mp/5de0e8ca3604.png?fit=fill&fill=solid&fill-color=00FFFFFF&w=48&h=48&auto=format,compress"
International University of Finance,https://www.bachelorsportal.com/universities/21509/international-university-of-finance.html,
International University of Sarajevo,https://www.bachelorsportal.com/universities/18900/international-university-of-sarajevo.html,
INTI International University and Colleges,https://www.bachelorsportal.com/universities/20709/inti-international-university-and-colleges.html,
INU - Innovative University of Applied Sciences,https://www.bachelorsportal.com/universities/23715/inu-innovative-university-of-applied-sciences.html,
Iona University,https://www.bachelorsportal.com/universities/17070/iona-university.html,
IPAG Business School,https://www.bachelorsportal.com/universities/1343/ipag-business-school.html,
IPB University,https://www.bachelorsportal.com/universities/21593/ipb-university.html,
IQS - Ramon Llull University,https://www.bachelorsportal.com/universities/12351/iqs-ramon-llull-university.html,
ISAD - Design School,https://www.bachelorsportal.com/universities/1068/isad-design-school.html,
ISC Paris School of Management,https://www.bachelorsportal.com/universities/1809/isc-paris-school-of-management.html,
ISCTE - University Institute of Lisbon,https://www.bachelorsportal.com/universities/10294/iscte-university-institute-of-lisbon.html,
ISDE Law Business School,https://www.bachelorsportal.com/universities/12747/isde-law-business-school.html,
Isfahan University of Medical Sciences,https://www.bachelorsportal.com/universities/20567/isfahan-university-of-medical-sciences.html,
Isik University,https://www.bachelorsportal.com/universities/1433/isik-university.html,
ISM University of Management and Economics,https://www.bachelorsportal.com/universities/542/ism-university-of-management-and-economics.html,"https://storage-prtl-co.imgix.net/mp/5de0e87f2041.png?fit=fill&fill=solid&fill-color=00FFFFFF&w=48&h=48&auto=format,compress"
ISMA University of Applied Sciences,https://www.bachelorsportal.com/universities/14872/isma-university-of-applied-sciences.html,
Istanbul Atlas University,https://www.bachelorsportal.com/universities/24246/istanbul-atlas-university.html,
Istanbul Aydin University,https://www.bachelorsportal.com/universities/1644/istanbul-aydin-university.html,
Istanbul Bilgi University,https://www.bachelorsportal.com/universities/15753/istanbul-bilgi-university.html,
Istanbul Galata University,https://www.bachelorsportal.com/universities/24273/istanbul-galata-university.html,"https://storage-prtl-co.imgix.net/endor/organisations/24273/images/1759499546_gawe.png?fit=fill&fill=solid&fill-color=00FFFFFF&w=48&h=48&auto=format,compress"
Istanbul Gedik University,https://www.bachelorsportal.com/universities/24236/istanbul-gedik-university.html,
Istanbul Kent University,https://www.bachelorsportal.com/universities/24243/istanbul-kent-university.html,
Istanbul Kultur University,https://www.bachelorsportal.com/universities/24247/istanbul-kultur-university.html,
Istanbul Medipol University,https://www.bachelorsportal.com/universities/21313/istanbul-medipol-university.html,
Istanbul Okan University,https://www.bachelorsportal.com/universities/1758/istanbul-okan-university.html,
Istanbul Sabahattin Zaim University,https://www.bachelorsportal.com/universities/1836/istanbul-sabahattin-zaim-university.html,
Istanbul Technical University,https://www.bachelorsportal.com/universities/1082/istanbul-technical-university.html,
Istanbul Ticaret University,https://www.bachelorsportal.com/universities/1638/istanbul-ticaret-university.html,
Istanbul University,https://www.bachelorsportal.com/universities/986/istanbul-university.html,
Istituto Europeo Di Design (IED),https://www.bachelorsportal.com/universities/1729/istituto-europeo-di-design.html,"https://storage-prtl-co.imgix.net/mp/5de0e76704dd.png?fit=fill&fill=solid&fill-color=00FFFFFF&w=48&h=48&auto=format,compress"
Istituto Marangoni,https://www.bachelorsportal.com/universities/12601/istituto-marangoni.html,
Ithaca College,https://www.bachelorsportal.com/universities/17001/ithaca-college.html,
ITS,https://www.bachelorsportal.com/universities/21535/its.html,
IU International University of Applied Sciences,https://www.bachelorsportal.com/universities/421/iu-international-university-of-applied-sciences.html,"https://storage-prtl-co.imgix.net/endor/organisations/421/images/1662464492_screativeref_1011l113807.jfif?fit=fill&fill=solid&fill-color=00FFFFFF&w=48&h=48&auto=format,compress"
Iuliu Haţieganu University of Medicine and Pharmacy Cluj-Napoca,https://www.bachelorsportal.com/universities/20607/iuliu-haieganu-university-of-medicine-and-pharmacy-cluj-napoca.html,
Ivane Javakhishvili Tbilisi State University,https://www.bachelorsportal.com/universities/21486/ivane-javakhishvili-tbilisi-state-university.html,
Izmir Institute of Technology,https://www.bachelorsportal.com/universities/505/izmir-institute-of-technology.html,
Jacksonville University,https://www.bachelorsportal.com/universities/11447/jacksonville-university.html,
Jagiellonian University,https://www.bachelorsportal.com/universities/159/jagiellonian-university.html,
Jam Music Lab University,https://www.bachelorsportal.com/universities/16439/jam-music-lab-university.html,
James Cook University,https://www.bachelorsportal.com/universities/11976/james-cook-university.html,
James Madison University,https://www.bachelorsportal.com/universities/12659/james-madison-university.html,
Jamia Millia Islamia,https://www.bachelorsportal.com/universities/20539/jamia-millia-islamia.html,
JAMK University of Applied Sciences,https://www.bachelorsportal.com/universities/11062/jamk-university-of-applied-sciences.html,
Jean Moulin University Lyon III,https://www.bachelorsportal.com/universities/348/jean-moulin-university-lyon-iii.html,
Jheronimus Academy of Data Science (JADS),https://www.bachelorsportal.com/universities/17951/jheronimus-academy-of-data-science.html,
Jiangsu Normal University,https://www.bachelorsportal.com/universities/14547/jiangsu-normal-university.html,
Jiangsu University,https://www.bachelorsportal.com/universities/13955/jiangsu-university.html,
Jilin University,https://www.bachelorsportal.com/universities/13080/jilin-university.html,
Jinan University,https://www.bachelorsportal.com/universities/13367/jinan-university.html,
Johannes Gutenberg University Mainz,https://www.bachelorsportal.com/universities/907/johannes-gutenberg-university-mainz.html,
Johannes Kepler University Linz,https://www.bachelorsportal.com/universities/508/johannes-kepler-university-linz.html,
John Brown University,https://www.bachelorsportal.com/universities/17461/john-brown-university.html,
John Cabot University,https://www.bachelorsportal.com/universities/857/john-cabot-university.html,
John Carroll University,https://www.bachelorsportal.com/universities/16976/john-carroll-university.html,
John Paul II Catholic University of Lublin,https://www.bachelorsportal.com/universities/365/john-paul-ii-catholic-university-of-lublin.html,
Johns Hopkins University,https://www.bachelorsportal.com/universities/11736/johns-hopkins-university.html,
Johnson & Wales University,https://www.bachelorsportal.com/universities/17326/johnson-wales-university.html,
Johnson University,https://www.bachelorsportal.com/universities/18371/johnson-university.html,
Jönköping University,https://www.bachelorsportal.com/universities/312/jnkping-university.html,"https://storage-prtl-co.imgix.net/mp/5de0e822451e.png?fit=fill&fill=solid&fill-color=00FFFFFF&w=48&h=48&auto=format,compress"
Jordan University of Science and Technology (JUST),https://www.bachelorsportal.com/universities/20293/jordan-university-of-science-and-technology.html,
JSS Academy of Higher Education and Research,https://www.bachelorsportal.com/universities/21361/jss-academy-of-higher-education-and-research.html,
Judson University,https://www.bachelorsportal.com/universities/24113/judson-university.html,
Juniata College,https://www.bachelorsportal.com/universities/17053/juniata-college.html,
Kadir Has University,https://www.bachelorsportal.com/universities/1835/kadir-has-university.html,
Kalamazoo College,https://www.bachelorsportal.com/universities/16973/kalamazoo-college.html,
Kanazawa Medical University,https://www.bachelorsportal.com/universities/21334/kanazawa-medical-university.html,
Kansas State University,https://www.bachelorsportal.com/universities/11880/kansas-state-university.html,"https://storage-prtl-co.imgix.net/mp/5de0e6267f3b.png?fit=fill&fill=solid&fill-color=00FFFFFF&w=48&h=48&auto=format,compress"
Kansas Wesleyan University,https://www.bachelorsportal.com/universities/18372/kansas-wesleyan-university.html,
Kaplan Business School,https://www.bachelorsportal.com/universities/17679/kaplan-business-school.html,"https://storage-prtl-co.imgix.net/endor/organisations/17679/logos/sq-17679.png?fit=fill&fill=solid&fill-color=00FFFFFF&w=48&h=48&auto=format,compress"
Kaplan Singapore,https://www.bachelorsportal.com/universities/21183/kaplan-singapore.html,
Karatay University,https://www.bachelorsportal.com/universities/24241/karatay-university.html,
Karelia University of Applied Sciences,https://www.bachelorsportal.com/universities/1547/karelia-university-of-applied-sciences.html,
Karlshochschule International University,https://www.bachelorsportal.com/universities/628/karlshochschule-international-university.html,
Karlsruhe Institute of Technology (KIT),https://www.bachelorsportal.com/universities/125/karlsruhe-institute-of-technology.html,
Karlsruhe University of Applied Sciences,https://www.bachelorsportal.com/universities/197/karlsruhe-university-of-applied-sciences.html,
Karlstad University,https://www.bachelorsportal.com/universities/170/karlstad-university.html,
Károli Gáspár University of the Reformed Church in Hungary,https://www.bachelorsportal.com/universities/16084/kroli-gspr-university-of-the-reformed-church-in-hungary.html,
Karolinska Institute,https://www.bachelorsportal.com/universities/3/karolinska-institute.html,
Kasetsart University,https://www.bachelorsportal.com/universities/13191/kasetsart-university.html,
Kaunas University of Technology,https://www.bachelorsportal.com/universities/349/kaunas-university-of-technology.html,"https://storage-prtl-co.imgix.net/mp/5de0e8306312.png?fit=fill&fill=solid&fill-color=00FFFFFF&w=48&h=48&auto=format,compress"
Kauno University of Applied Sciences,https://www.bachelorsportal.com/universities/1874/kauno-university-of-applied-sciences.html,
Kazakh Agro-Technical Research University (KATRU),https://www.bachelorsportal.com/universities/23271/kazakh-agro-technical-research-university.html,
Kazakh-British Technical University,https://www.bachelorsportal.com/universities/20142/kazakh-british-technical-university.html,
Kazan Federal University,https://www.bachelorsportal.com/universities/14466/kazan-federal-university.html,
Kazimieras Simonavicius University,https://www.bachelorsportal.com/universities/9366/kazimieras-simonavicius-university.html,
KdG University of Applied Sciences and Arts,https://www.bachelorsportal.com/universities/11167/kdg-university-of-applied-sciences-and-arts.html,
Kean University,https://www.bachelorsportal.com/universities/16578/kean-university.html,
KEDGE Business School,https://www.bachelorsportal.com/universities/117/kedge-business-school.html,
Keele University,https://www.bachelorsportal.com/universities/253/keele-university.html,
Keio University,https://www.bachelorsportal.com/universities/12333/keio-university.html,
Keiser University,https://www.bachelorsportal.com/universities/18844/keiser-university.html,
Kelowna College of Professional Counselling,https://www.bachelorsportal.com/universities/16435/kelowna-college-of-professional-counselling.html,
Kendall College,https://www.bachelorsportal.com/universities/11407/kendall-college.html,
Kennesaw State University,https://www.bachelorsportal.com/universities/14243/kennesaw-state-university.html,"https://storage-prtl-co.imgix.net/endor/organisations/14243/logos/sq-14243.png?fit=fill&fill=solid&fill-color=00FFFFFF&w=48&h=48&auto=format,compress"
Kent State University,https://www.bachelorsportal.com/universities/11520/kent-state-university.html,
Kentucky State University,https://www.bachelorsportal.com/universities/17818/kentucky-state-university.html,
Kerman University of Medical Sciences,https://www.bachelorsportal.com/universities/20609/kerman-university-of-medical-sciences.html,
Keuka College,https://www.bachelorsportal.com/universities/17973/keuka-college.html,
Khalifa University,https://www.bachelorsportal.com/universities/12760/khalifa-university.html,
Kharkiv National University of Radioelectronics,https://www.bachelorsportal.com/universities/364/kharkiv-national-university-of-radioelectronics.html,
KIIT University,https://www.bachelorsportal.com/universities/21413/kiit-university.html,
Kimep University,https://www.bachelorsportal.com/universities/12924/kimep-university.html,
King Fahd University of Petroleum & Minerals,https://www.bachelorsportal.com/universities/13085/king-fahd-university-of-petroleum-minerals.html,
King Khalid University,https://www.bachelorsportal.com/universities/20679/king-khalid-university.html,
King Mongkut’s Institute of Technology Ladkrabang,https://www.bachelorsportal.com/universities/21488/king-mongkuts-institute-of-technology-ladkrabang.html,
King Mongkut's University of Technology Thonburi,https://www.bachelorsportal.com/universities/13086/king-mongkuts-university-of-technology-thonburi.html,
King's College London,https://www.bachelorsportal.com/universities/164/kings-college-london.html,
Kingston University,https://www.bachelorsportal.com/universities/192/kingston-university.html,"https://storage-prtl-co.imgix.net/mp/5de0e7c8e7ae.png?fit=fill&fill=solid&fill-color=00FFFFFF&w=48&h=48&auto=format,compress"
KLC School of Design,https://www.bachelorsportal.com/universities/20520/klc-school-of-design.html,
Knox College,https://www.bachelorsportal.com/universities/17499/knox-college.html,
Koc University,https://www.bachelorsportal.com/universities/903/koc-university.html,
Kodolányi János University,https://www.bachelorsportal.com/universities/14150/kodolnyi-jnos-university.html,
Konstanz University of Applied Sciences,https://www.bachelorsportal.com/universities/17786/konstanz-university-of-applied-sciences.html,
Kookmin University,https://www.bachelorsportal.com/universities/15356/kookmin-university.html,
Kozminski University,https://www.bachelorsportal.com/universities/759/kozminski-university.html,"https://storage-prtl-co.imgix.net/endor/organisations/759/images/1756392815_bari-logo.png?fit=fill&fill=solid&fill-color=00FFFFFF&w=48&h=48&auto=format,compress"
Kristiania University College,https://www.bachelorsportal.com/universities/23103/kristiania-university-college.html,
Kristianstad University,https://www.bachelorsportal.com/universities/1614/kristianstad-university.html,
KTH Royal Institute of Technology,https://www.bachelorsportal.com/universities/2/kth-royal-institute-of-technology.html,
KU Leuven,https://www.bachelorsportal.com/universities/38/ku-leuven.html,"https://storage-prtl-co.imgix.net/mp/5de0e840d74b.png?fit=fill&fill=solid&fill-color=00FFFFFF&w=48&h=48&auto=format,compress"
Kun Shan University,https://www.bachelorsportal.com/universities/14084/kun-shan-university.html,
Kurdistan University of Medical Sciences,https://www.bachelorsportal.com/universities/20614/kurdistan-university-of-medical-sciences.html,
Kutaisi International University,https://www.bachelorsportal.com/universities/23470/kutaisi-international-university.html,
Kwantlen Polytechnic University,https://www.bachelorsportal.com/universities/17616/kwantlen-polytechnic-university.html,
Kyiv National Economic University,https://www.bachelorsportal.com/universities/21520/kyiv-national-economic-university.html,
Kyiv School of Economics,https://www.bachelorsportal.com/universities/21541/kyiv-school-of-economics.html,
Kyoto Prefectural University of Medicine,https://www.bachelorsportal.com/universities/20577/kyoto-prefectural-university-of-medicine.html,
Kyoto University,https://www.bachelorsportal.com/universities/11739/kyoto-university.html,
Kyushu University,https://www.bachelorsportal.com/universities/12304/kyushu-university.html,
L'École de design Nantes Atlantique,https://www.bachelorsportal.com/universities/574/lcole-de-design-nantes-atlantique.html,"https://storage-prtl-co.imgix.net/mp/5de0e88b2666.png?fit=fill&fill=solid&fill-color=00FFFFFF&w=48&h=48&auto=format,compress"
La Roche University,https://www.bachelorsportal.com/universities/18378/la-roche-university.html,
La Salle University,https://www.bachelorsportal.com/universities/17286/la-salle-university.html,
La Sierra University,https://www.bachelorsportal.com/universities/17278/la-sierra-university.html,
La Trobe University,https://www.bachelorsportal.com/universities/11313/la-trobe-university.html,
Lahore University of Management Sciences (LUMS),https://www.bachelorsportal.com/universities/17289/lahore-university-of-management-sciences.html,
Lake Forest College,https://www.bachelorsportal.com/universities/16551/lake-forest-college.html,
Lake Superior State University,https://www.bachelorsportal.com/universities/17320/lake-superior-state-university.html,
Lake Washington Institute of Technology,https://www.bachelorsportal.com/universities/18144/lake-washington-institute-of-technology.html,
Lakeland University,https://www.bachelorsportal.com/universities/24339/lakeland-university.html,
Lamar University,https://www.bachelorsportal.com/universities/11035/lamar-university.html,
Lambton College,https://www.bachelorsportal.com/universities/20807/lambton-college.html,
Lancaster University,https://www.bachelorsportal.com/universities/114/lancaster-university.html,"https://storage-prtl-co.imgix.net/endor/organisations/114/logos/sq-114.png?fit=fill&fill=solid&fill-color=00FFFFFF&w=48&h=48&auto=format,compress"
Lancaster University Leipzig,https://www.bachelorsportal.com/universities/20093/lancaster-university-leipzig.html,
Lander University,https://www.bachelorsportal.com/universities/17470/lander-university.html,
Langara College,https://www.bachelorsportal.com/universities/20845/langara-college.html,
Langston University,https://www.bachelorsportal.com/universities/17604/langston-university.html,
Lasell University,https://www.bachelorsportal.com/universities/16878/lasell-university.html,
Latvia University of Life Sciences and Technologies,https://www.bachelorsportal.com/universities/1745/latvia-university-of-life-sciences-and-technologies.html,
Lauder Business School,https://www.bachelorsportal.com/universities/18806/lauder-business-school.html,
Laurea University of Applied Sciences,https://www.bachelorsportal.com/universities/395/laurea-university-of-applied-sciences.html,
Laval University,https://www.bachelorsportal.com/universities/13190/laval-university.html,
Lawrence Technological University,https://www.bachelorsportal.com/universities/17013/lawrence-technological-university.html,
Lawrence University,https://www.bachelorsportal.com/universities/17007/lawrence-university.html,
Lazarski University,https://www.bachelorsportal.com/universities/1474/lazarski-university.html,
LCC International University,https://www.bachelorsportal.com/universities/1114/lcc-international-university.html,
Le Cordon Bleu,https://www.bachelorsportal.com/universities/22089/le-cordon-bleu.html,
Le Moyne College,https://www.bachelorsportal.com/universities/17504/le-moyne-college.html,
Lebanese American University (LAU),https://www.bachelorsportal.com/universities/20578/lebanese-american-university.html,
Lebanon Valley College,https://www.bachelorsportal.com/universities/17391/lebanon-valley-college.html,
Leeds Arts University,https://www.bachelorsportal.com/universities/15956/leeds-arts-university.html,
Leeds Beckett University,https://www.bachelorsportal.com/universities/482/leeds-beckett-university.html,"https://storage-prtl-co.imgix.net/mp/5de0e86797ce.png?fit=fill&fill=solid&fill-color=00FFFFFF&w=48&h=48&auto=format,compress"
Leeds Conservatoire,https://www.bachelorsportal.com/universities/20472/leeds-conservatoire.html,
Leeds Trinity University,https://www.bachelorsportal.com/universities/1181/leeds-trinity-university.html,
Lehigh University,https://www.bachelorsportal.com/universities/11258/lehigh-university.html,
Leibniz University Hannover,https://www.bachelorsportal.com/universities/424/leibniz-university-hannover.html,
Leiden University,https://www.bachelorsportal.com/universities/56/leiden-university.html,
Les Roches,https://www.bachelorsportal.com/universities/11406/les-roches.html,"https://storage-prtl-co.imgix.net/endor/organisations/11406/images/1695983737_lr-logo-512x512-1.png?fit=fill&fill=solid&fill-color=00FFFFFF&w=48&h=48&auto=format,compress"
Lesley University,https://www.bachelorsportal.com/universities/16908/lesley-university.html,
Lethbridge Polytechnic,https://www.bachelorsportal.com/universities/19018/lethbridge-polytechnic.html,
LeTourneau University,https://www.bachelorsportal.com/universities/18145/letourneau-university.html,
Leuphana University Lüneburg,https://www.bachelorsportal.com/universities/303/leuphana-university-lneburg.html,
Lewis - Clark State College,https://www.bachelorsportal.com/universities/17401/lewis-clark-state-college.html,
Lewis University,https://www.bachelorsportal.com/universities/11500/lewis-university.html,"https://storage-prtl-co.imgix.net/endor/organisations/11500/images/1737732851_lewis-new-logo-1.png?fit=fill&fill=solid&fill-color=00FFFFFF&w=48&h=48&auto=format,compress"
Liaoning University,https://www.bachelorsportal.com/universities/17064/liaoning-university.html,
Liaoning University of Technology,https://www.bachelorsportal.com/universities/17234/liaoning-university-of-technology.html,
Liberty University,https://www.bachelorsportal.com/universities/11403/liberty-university.html,"https://storage-prtl-co.imgix.net/endor/organisations/11403/logos/sq-11403.png?fit=fill&fill=solid&fill-color=00FFFFFF&w=48&h=48&auto=format,compress"
Lighthouse Academy,https://www.bachelorsportal.com/universities/18458/lighthouse-academy.html,
LIM College,https://www.bachelorsportal.com/universities/15177/lim-college.html,
Lincoln Bishop University,https://www.bachelorsportal.com/universities/1083/lincoln-bishop-university.html,
Lincoln College,https://www.bachelorsportal.com/universities/12740/lincoln-college.html,"https://storage-prtl-co.imgix.net/endor/organisations/12740/images/1735038577_oip-1.jpg?fit=fill&fill=solid&fill-color=00FFFFFF&w=48&h=48&auto=format,compress"
Lincoln Memorial University,https://www.bachelorsportal.com/universities/19062/lincoln-memorial-university.html,
Lincoln University,https://www.bachelorsportal.com/universities/17961/lincoln-university.html,
Lincoln University Canterbury,https://www.bachelorsportal.com/universities/15111/lincoln-university-canterbury.html,
Lindenwood University,https://www.bachelorsportal.com/universities/17835/lindenwood-university.html,
Lingnan University,https://www.bachelorsportal.com/universities/15260/lingnan-university.html,
Linköping University,https://www.bachelorsportal.com/universities/9/linkping-university.html,
Lipscomb University,https://www.bachelorsportal.com/universities/17852/lipscomb-university.html,
LISAA School of Design,https://www.bachelorsportal.com/universities/16258/lisaa-school-of-design.html,"https://storage-prtl-co.imgix.net/endor/organisations/16258/images/1734953433_untitled-design.png?fit=fill&fill=solid&fill-color=00FFFFFF&w=48&h=48&auto=format,compress"
Lithuania Business University of Applied Sciences,https://www.bachelorsportal.com/universities/9229/lithuania-business-university-of-applied-sciences.html,
Lithuanian Sports University,https://www.bachelorsportal.com/universities/1339/lithuanian-sports-university.html,"https://storage-prtl-co.imgix.net/mp/5de0e6b992b0.png?fit=fill&fill=solid&fill-color=00FFFFFF&w=48&h=48&auto=format,compress"
Lithuanian University of Health Sciences,https://www.bachelorsportal.com/universities/1922/lithuanian-university-of-health-sciences.html,
LIU Post,https://www.bachelorsportal.com/universities/15999/liu-post.html,
Liverpool Hope University,https://www.bachelorsportal.com/universities/290/liverpool-hope-university.html,"https://storage-prtl-co.imgix.net/endor/organisations/290/logos/sq-290.png?fit=fill&fill=solid&fill-color=00FFFFFF&w=48&h=48&auto=format,compress"
Liverpool John Moores University,https://www.bachelorsportal.com/universities/12638/liverpool-john-moores-university.html,"https://storage-prtl-co.imgix.net/mp/5de0e68d0000.png?fit=fill&fill=solid&fill-color=00FFFFFF&w=48&h=48&auto=format,compress"
Lodz University of Technology,https://www.bachelorsportal.com/universities/187/lodz-university-of-technology.html,
Logan University,https://www.bachelorsportal.com/universities/17558/logan-university.html,
Loma Linda University,https://www.bachelorsportal.com/universities/14870/loma-linda-university.html,
London College of Contemporary Arts,https://www.bachelorsportal.com/universities/13181/london-college-of-contemporary-arts.html,
London Metropolitan University,https://www.bachelorsportal.com/universities/386/london-metropolitan-university.html,"https://storage-prtl-co.imgix.net/endor/organisations/386/images/1666613682_logo-square.png?fit=fill&fill=solid&fill-color=00FFFFFF&w=48&h=48&auto=format,compress"
London Performing Academy of Music,https://www.bachelorsportal.com/universities/20288/london-performing-academy-of-music.html,
London School of Business and Finance - Online,https://www.bachelorsportal.com/universities/885/london-school-of-business-and-finance-online.html,
London School of Business and Finance Singapore Campus,https://www.bachelorsportal.com/universities/23085/london-school-of-business-and-finance-singapore-campus.html,
London School of Design and Marketing,https://www.bachelorsportal.com/universities/20137/london-school-of-design-and-marketing.html,
London School of Economics and Political Science,https://www.bachelorsportal.com/universities/72/london-school-of-economics-and-political-science.html,
London School of International Business,https://www.bachelorsportal.com/universities/12315/london-school-of-international-business.html,
London School of Planning and Management,https://www.bachelorsportal.com/universities/16148/london-school-of-planning-and-management.html,
London South Bank University,https://www.bachelorsportal.com/universities/11506/london-south-bank-university.html,"https://storage-prtl-co.imgix.net/endor/organisations/11506/images/1754486382_lsbu-logo.png?fit=fill&fill=solid&fill-color=00FFFFFF&w=48&h=48&auto=format,compress"
Long Island University (LIU),https://www.bachelorsportal.com/universities/13521/long-island-university.html,"https://storage-prtl-co.imgix.net/endor/organisations/13521/images/1697122879_4510_liu_sharks-primary-2019.png?fit=fill&fill=solid&fill-color=00FFFFFF&w=48&h=48&auto=format,compress"
Longwood University,https://www.bachelorsportal.com/universities/17445/longwood-university.html,
Loughborough University,https://www.bachelorsportal.com/universities/452/loughborough-university.html,"https://storage-prtl-co.imgix.net/endor/organisations/452/images/1661851131_logo-512.png?fit=fill&fill=solid&fill-color=00FFFFFF&w=48&h=48&auto=format,compress"
Louisiana State University,https://www.bachelorsportal.com/universities/12003/louisiana-state-university.html,
Louisiana State University in Shreveport,https://www.bachelorsportal.com/universities/17166/louisiana-state-university-in-shreveport.html,
Louisiana Tech University,https://www.bachelorsportal.com/universities/14930/louisiana-tech-university.html,
Lovely Professional University,https://www.bachelorsportal.com/universities/20812/lovely-professional-university.html,
Loyola Marymount University,https://www.bachelorsportal.com/universities/15138/loyola-marymount-university.html,
Loyola University Chicago,https://www.bachelorsportal.com/universities/10584/loyola-university-chicago.html,
Loyola University Maryland,https://www.bachelorsportal.com/universities/16581/loyola-university-maryland.html,
Loyola University New Orleans,https://www.bachelorsportal.com/universities/11516/loyola-university-new-orleans.html,
Lucerne University of Applied Sciences and Arts,https://www.bachelorsportal.com/universities/314/lucerne-university-of-applied-sciences-and-arts.html,
LUISS University,https://www.bachelorsportal.com/universities/204/luiss-university.html,
Luleå University of Technology,https://www.bachelorsportal.com/universities/182/lule-university-of-technology.html,
Lund University,https://www.bachelorsportal.com/universities/10/lund-university.html,
Lusophone University of Humanities and Technologies,https://www.bachelorsportal.com/universities/1688/lusophone-university-of-humanities-and-technologies.html,
LUT University,https://www.bachelorsportal.com/universities/176/lut-university.html,"https://storage-prtl-co.imgix.net/mp/5de0e7753db2.png?fit=fill&fill=solid&fill-color=00FFFFFF&w=48&h=48&auto=format,compress"
Luther College,https://www.bachelorsportal.com/universities/16447/luther-college.html,
Luxembourg School of Business,https://www.bachelorsportal.com/universities/14535/luxembourg-school-of-business.html,
Lviv Polytechnic National University,https://www.bachelorsportal.com/universities/20689/lviv-polytechnic-national-university.html,
Lycoming College,https://www.bachelorsportal.com/universities/17557/lycoming-college.html,
Lynn University,https://www.bachelorsportal.com/universities/17974/lynn-university.html,
Lyon Polytechnic Institute,https://www.bachelorsportal.com/universities/20413/lyon-polytechnic-institute.html,
Maastricht University,https://www.bachelorsportal.com/universities/85/maastricht-university.html,
Macalester College,https://www.bachelorsportal.com/universities/16670/macalester-college.html,
Macau Polytechnic Institute,https://www.bachelorsportal.com/universities/17233/macau-polytechnic-institute.html,
Macau University of Science & Technology,https://www.bachelorsportal.com/universities/17257/macau-university-of-science-technology.html,
MacEwan University,https://www.bachelorsportal.com/universities/16186/macewan-university.html,
Macromedia University of Applied Sciences,https://www.bachelorsportal.com/universities/1038/macromedia-university-of-applied-sciences.html,
Madonna University,https://www.bachelorsportal.com/universities/18388/madonna-university.html,
Madrid International College (MIC College),https://www.bachelorsportal.com/universities/24207/madrid-international-college.html,
Mae Fah Luang,https://www.bachelorsportal.com/universities/20542/mae-fah-luang.html,
Maharishi International University,https://www.bachelorsportal.com/universities/17435/maharishi-international-university.html,
Maharishi Markandeshwar University (MMU),https://www.bachelorsportal.com/universities/23826/maharishi-markandeshwar-university.html,
Mahasarakham University,https://www.bachelorsportal.com/universities/15231/mahasarakham-university.html,
Mahatma Gandhi University,https://www.bachelorsportal.com/universities/20557/mahatma-gandhi-university.html,
Mahidol University,https://www.bachelorsportal.com/universities/12259/mahidol-university.html,
Mainz University of Applied Sciences,https://www.bachelorsportal.com/universities/1170/mainz-university-of-applied-sciences.html,
Makerere University,https://www.bachelorsportal.com/universities/14471/makerere-university.html,
Mälardalen University,https://www.bachelorsportal.com/universities/1146/mlardalen-university.html,"https://storage-prtl-co.imgix.net/endor/organisations/1146/images/1710922855_mdu-logo-square-210x210px.jpg?fit=fill&fill=solid&fill-color=00FFFFFF&w=48&h=48&auto=format,compress"
Malmö University,https://www.bachelorsportal.com/universities/716/malm-university.html,
Management and Science University,https://www.bachelorsportal.com/universities/24168/management-and-science-university.html,
Management Development Institute of Singapore in Tashkent,https://www.bachelorsportal.com/universities/23581/management-development-institute-of-singapore-in-tashkent.html,
Manchester Metropolitan University,https://www.bachelorsportal.com/universities/713/manchester-metropolitan-university.html,"https://storage-prtl-co.imgix.net/mp/5de0e8b287ef.png?fit=fill&fill=solid&fill-color=00FFFFFF&w=48&h=48&auto=format,compress"
Manchester University,https://www.bachelorsportal.com/universities/19079/manchester-university.html,
Manhattan College,https://www.bachelorsportal.com/universities/16426/manhattan-college.html,
Manhattan School of Music,https://www.bachelorsportal.com/universities/18393/manhattan-school-of-music.html,
Manhattanville University,https://www.bachelorsportal.com/universities/15568/manhattanville-university.html,
Manipal Academy of Higher Education,https://www.bachelorsportal.com/universities/16964/manipal-academy-of-higher-education.html,"https://storage-prtl-co.imgix.net/endor/organisations/16964/images/1719513565_mahe-logo-512x512-px.png?fit=fill&fill=solid&fill-color=00FFFFFF&w=48&h=48&auto=format,compress"
Manukau Institute of Technology,https://www.bachelorsportal.com/universities/22048/manukau-institute-of-technology.html,
Maranatha Baptist University,https://www.bachelorsportal.com/universities/18398/maranatha-baptist-university.html,
Marbella Design Academy,https://www.bachelorsportal.com/universities/10912/marbella-design-academy.html,
Marbella International University Centre,https://www.bachelorsportal.com/universities/10580/marbella-international-university-centre.html,
Marche Polytechnic University,https://www.bachelorsportal.com/universities/12882/marche-polytechnic-university.html,
Maria Curie-Sklodowska University,https://www.bachelorsportal.com/universities/1395/maria-curie-sklodowska-university.html,
Marian University,https://www.bachelorsportal.com/universities/22079/marian-university.html,
Marietta College,https://www.bachelorsportal.com/universities/17434/marietta-college.html,
Marino Institute of Education,https://www.bachelorsportal.com/universities/1653/marino-institute-of-education.html,
Marist University,https://www.bachelorsportal.com/universities/17024/marist-university.html,"https://storage-prtl-co.imgix.net/endor/organisations/17024/logos/sq-17024.png?fit=fill&fill=solid&fill-color=00FFFFFF&w=48&h=48&auto=format,compress"
Maritime University of Szczecin,https://www.bachelorsportal.com/universities/1679/maritime-university-of-szczecin.html,
Marmara University,https://www.bachelorsportal.com/universities/15369/marmara-university.html,
Marquette University,https://www.bachelorsportal.com/universities/11826/marquette-university.html,
Mars Hill University,https://www.bachelorsportal.com/universities/17479/mars-hill-university.html,
Marshall University,https://www.bachelorsportal.com/universities/12272/marshall-university.html,
Mary Immaculate College,https://www.bachelorsportal.com/universities/23789/mary-immaculate-college.html,
Maryland Institute College of Art,https://www.bachelorsportal.com/universities/17447/maryland-institute-college-of-art.html,
Marymount University,https://www.bachelorsportal.com/universities/17550/marymount-university.html,
Maryville University,https://www.bachelorsportal.com/universities/11534/maryville-university.html,
Marywood University,https://www.bachelorsportal.com/universities/17441/marywood-university.html,
Masaryk University,https://www.bachelorsportal.com/universities/445/masaryk-university.html,
Massachusetts College of Liberal Arts,https://www.bachelorsportal.com/universities/16960/massachusetts-college-of-liberal-arts.html,
Massachusetts College of Pharmacy and Health Sciences,https://www.bachelorsportal.com/universities/16858/massachusetts-college-of-pharmacy-and-health-sciences.html,
Massachusetts Institute of Technology (MIT),https://www.bachelorsportal.com/universities/11740/massachusetts-institute-of-technology.html,"https://storage-prtl-co.imgix.net/mp/5de0e60f2bc6.png?fit=fill&fill=solid&fill-color=00FFFFFF&w=48&h=48&auto=format,compress"
Massachusetts Maritime Academy,https://www.bachelorsportal.com/universities/16911/massachusetts-maritime-academy.html,
Massey University,https://www.bachelorsportal.com/universities/10732/massey-university.html,
MATE - Hungarian University of Agriculture and Life Sciences,https://www.bachelorsportal.com/universities/16086/mate-hungarian-university-of-agriculture-and-life-sciences.html,
Matej Bel University,https://www.bachelorsportal.com/universities/21491/matej-bel-university.html,
Maynooth University,https://www.bachelorsportal.com/universities/862/maynooth-university.html,"https://storage-prtl-co.imgix.net/mp/5de0e8e06353.png?fit=fill&fill=solid&fill-color=00FFFFFF&w=48&h=48&auto=format,compress"
MBS,https://www.bachelorsportal.com/universities/9253/mbs.html,
McDaniel College,https://www.bachelorsportal.com/universities/17291/mcdaniel-college.html,
McDaniel College Budapest,https://www.bachelorsportal.com/universities/12311/mcdaniel-college-budapest.html,
McGill University,https://www.bachelorsportal.com/universities/11742/mcgill-university.html,
MCI - The Entrepreneurial School®,https://www.bachelorsportal.com/universities/522/mci-the-entrepreneurial-school.html,"https://storage-prtl-co.imgix.net/mp/5de0e8776312.png?fit=fill&fill=solid&fill-color=00FFFFFF&w=48&h=48&auto=format,compress"
McMaster University,https://www.bachelorsportal.com/universities/11744/mcmaster-university.html,
McNeese State University,https://www.bachelorsportal.com/universities/17555/mcneese-state-university.html,
Media Design School,https://www.bachelorsportal.com/universities/19694/media-design-school.html,
Media University of Applied Sciences,https://www.bachelorsportal.com/universities/11645/media-university-of-applied-sciences.html,
MediaSchool International,https://www.bachelorsportal.com/universities/22798/mediaschool-international.html,
Medical University of Lodz,https://www.bachelorsportal.com/universities/1658/medical-university-of-lodz.html,
Medical University of Lublin,https://www.bachelorsportal.com/universities/20526/medical-university-of-lublin.html,
Medical University of Warsaw,https://www.bachelorsportal.com/universities/1498/medical-university-of-warsaw.html,
Mediterranean College,https://www.bachelorsportal.com/universities/1886/mediterranean-college.html,
Mediterranean University of Reggio Calabria,https://www.bachelorsportal.com/universities/13300/mediterranean-university-of-reggio-calabria.html,
MEF University,https://www.bachelorsportal.com/universities/12105/mef-university.html,
Memorial University of Newfoundland,https://www.bachelorsportal.com/universities/11968/memorial-university-of-newfoundland.html,
Mendel University in Brno,https://www.bachelorsportal.com/universities/644/mendel-university-in-brno.html,
Menlo College,https://www.bachelorsportal.com/universities/17638/menlo-college.html,
Mercy University,https://www.bachelorsportal.com/universities/17833/mercy-university.html,
Mercyhurst University,https://www.bachelorsportal.com/universities/17845/mercyhurst-university.html,
Meredith College,https://www.bachelorsportal.com/universities/17617/meredith-college.html,
Merrimack College,https://www.bachelorsportal.com/universities/14849/merrimack-college.html,
MESOS Business School,https://www.bachelorsportal.com/universities/24304/mesos-business-school.html,
Messiah University,https://www.bachelorsportal.com/universities/17660/messiah-university.html,
MetFilm School,https://www.bachelorsportal.com/universities/11214/metfilm-school.html,
Metropolia University of Applied Sciences,https://www.bachelorsportal.com/universities/401/metropolia-university-of-applied-sciences.html,
Metropolitan College,https://www.bachelorsportal.com/universities/16051/metropolitan-college.html,
Metropolitan College of New York,https://www.bachelorsportal.com/universities/18152/metropolitan-college-of-new-york.html,
Metropolitan School of Business & Management (UK),https://www.bachelorsportal.com/universities/20887/metropolitan-school-of-business-management.html,
Metropolitan State University of Denver,https://www.bachelorsportal.com/universities/15838/metropolitan-state-university-of-denver.html,
Miami Dade College,https://www.bachelorsportal.com/universities/17290/miami-dade-college.html,
Miami Regional University,https://www.bachelorsportal.com/universities/24143/miami-regional-university.html,
Miami University,https://www.bachelorsportal.com/universities/12013/miami-university.html,
Michigan State University,https://www.bachelorsportal.com/universities/11471/michigan-state-university.html,
Michigan Technological University,https://www.bachelorsportal.com/universities/12035/michigan-technological-university.html,
Mid Sweden University,https://www.bachelorsportal.com/universities/169/mid-sweden-university.html,
"Middle East Technical University, Northern Cyprus Campus",https://www.bachelorsportal.com/universities/985/middle-east-technical-university-northern-cyprus-campus.html,
Middle Tennessee State University,https://www.bachelorsportal.com/universities/14121/middle-tennessee-state-university.html,
Middlebury College,https://www.bachelorsportal.com/universities/14929/middlebury-college.html,
Middlesex University Dubai,https://www.bachelorsportal.com/universities/12796/middlesex-university-dubai.html,
Midland University,https://www.bachelorsportal.com/universities/18410/midland-university.html,
Midway University,https://www.bachelorsportal.com/universities/17488/midway-university.html,
Midwestern Baptist Theological Seminary,https://www.bachelorsportal.com/universities/18419/midwestern-baptist-theological-seminary.html,
Midwestern State University,https://www.bachelorsportal.com/universities/17418/midwestern-state-university.html,
Millersville University of Pennsylvania,https://www.bachelorsportal.com/universities/16191/millersville-university-of-pennsylvania.html,
Millikin University,https://www.bachelorsportal.com/universities/17304/millikin-university.html,
Millsaps College,https://www.bachelorsportal.com/universities/17538/millsaps-college.html,
Milwaukee School of Engineering,https://www.bachelorsportal.com/universities/17028/milwaukee-school-of-engineering.html,
Minerva University,https://www.bachelorsportal.com/universities/20305/minerva-university.html,
Ming Chuan University,https://www.bachelorsportal.com/universities/14037/ming-chuan-university.html,
Minneapolis College of Art and Design,https://www.bachelorsportal.com/universities/18423/minneapolis-college-of-art-and-design.html,
Minnesota State University Moorhead,https://www.bachelorsportal.com/universities/17364/minnesota-state-university-moorhead.html,
Minot State University,https://www.bachelorsportal.com/universities/17466/minot-state-university.html,
Mississippi State University,https://www.bachelorsportal.com/universities/12306/mississippi-state-university.html,
Mississippi University for Women,https://www.bachelorsportal.com/universities/17775/mississippi-university-for-women.html,
Missouri State University,https://www.bachelorsportal.com/universities/14865/missouri-state-university.html,
Missouri University of Science and Technology,https://www.bachelorsportal.com/universities/14019/missouri-university-of-science-and-technology.html,
MLA College,https://www.bachelorsportal.com/universities/23929/mla-college.html,"https://storage-prtl-co.imgix.net/endor/organisations/23929/images/1738140861_mla_logo-and-media-specifications_ps_2901.png?fit=fill&fill=solid&fill-color=00FFFFFF&w=48&h=48&auto=format,compress"
Modul University Vienna,https://www.bachelorsportal.com/universities/1095/modul-university-vienna.html,
Mohamed bin Zayed University of Artificial Intelligence,https://www.bachelorsportal.com/universities/19934/mohamed-bin-zayed-university-of-artificial-intelligence.html,
Mohawk College,https://www.bachelorsportal.com/universities/20890/mohawk-college.html,"https://storage-prtl-co.imgix.net/endor/organisations/20890/images/1727369291_logo1-square.png?fit=fill&fill=solid&fill-color=00FFFFFF&w=48&h=48&auto=format,compress"
Monash University,https://www.bachelorsportal.com/universities/1618/monash-university.html,
Monash University Malaysia,https://www.bachelorsportal.com/universities/20946/monash-university-malaysia.html,
Mondragón University,https://www.bachelorsportal.com/universities/11339/mondragn-university.html,
Monmouth University,https://www.bachelorsportal.com/universities/17075/monmouth-university.html,
Monroe College,https://www.bachelorsportal.com/universities/18427/monroe-college.html,
Montana State University,https://www.bachelorsportal.com/universities/13093/montana-state-university.html,
Montana State University - Great Falls College,https://www.bachelorsportal.com/universities/12384/montana-state-university-great-falls-college.html,
Montana State University - Northern,https://www.bachelorsportal.com/universities/12381/montana-state-university-northern.html,
Montana State University Billings,https://www.bachelorsportal.com/universities/12210/montana-state-university-billings.html,
Montana Technological University,https://www.bachelorsportal.com/universities/16357/montana-technological-university.html,
Montclair State University,https://www.bachelorsportal.com/universities/15090/montclair-state-university.html,
Montreat College,https://www.bachelorsportal.com/universities/17849/montreat-college.html,
Montreux Business University,https://www.bachelorsportal.com/universities/1863/montreux-business-university.html,
Moody Bible Institute,https://www.bachelorsportal.com/universities/18687/moody-bible-institute.html,
Moraine Valley Community College,https://www.bachelorsportal.com/universities/19593/moraine-valley-community-college.html,
Moravian University,https://www.bachelorsportal.com/universities/17446/moravian-university.html,
Morehead State University,https://www.bachelorsportal.com/universities/16699/morehead-state-university.html,
Morehouse College,https://www.bachelorsportal.com/universities/17528/morehouse-college.html,
Moscow Aviation Institute,https://www.bachelorsportal.com/universities/12937/moscow-aviation-institute.html,
Moscow Institute of Physics and Technology (MIPT),https://www.bachelorsportal.com/universities/13951/moscow-institute-of-physics-and-technology.html,
Moscow Pedagogical State University (MPGU),https://www.bachelorsportal.com/universities/15517/moscow-pedagogical-state-university.html,
Moscow Polytechnic University,https://www.bachelorsportal.com/universities/21493/moscow-polytechnic-university.html,
Moscow Power Engineering Institute,https://www.bachelorsportal.com/universities/21494/moscow-power-engineering-institute.html,
Moscow State University of Civil Engineering  (MGSU),https://www.bachelorsportal.com/universities/18126/moscow-state-university-of-civil-engineering.html,
Mount Allison University,https://www.bachelorsportal.com/universities/15343/mount-allison-university.html,
Mount Holyoke College,https://www.bachelorsportal.com/universities/15039/mount-holyoke-college.html,
Mount Mercy University,https://www.bachelorsportal.com/universities/17430/mount-mercy-university.html,
Mount Royal University,https://www.bachelorsportal.com/universities/17107/mount-royal-university.html,
Mount Saint Mary College,https://www.bachelorsportal.com/universities/17965/mount-saint-mary-college.html,
Mount Saint Mary's University,https://www.bachelorsportal.com/universities/18153/mount-saint-marys-university.html,
Mount Saint Vincent University,https://www.bachelorsportal.com/universities/20634/mount-saint-vincent-university.html,
Multimedia University,https://www.bachelorsportal.com/universities/12805/multimedia-university.html,
Munich Intellectual Property Law Center (MIPLC),https://www.bachelorsportal.com/universities/1716/munich-intellectual-property-law-center.html,
Munich University of Applied Sciences,https://www.bachelorsportal.com/universities/537/munich-university-of-applied-sciences.html,
Munster Technological University,https://www.bachelorsportal.com/universities/21241/munster-technological-university.html,
Murdoch University,https://www.bachelorsportal.com/universities/11977/murdoch-university.html,
Murray State University,https://www.bachelorsportal.com/universities/16640/murray-state-university.html,
Muskingum University,https://www.bachelorsportal.com/universities/17452/muskingum-university.html,
Mwanza University,https://www.bachelorsportal.com/universities/22731/mwanza-university.html,
Mykolas Romeris University,https://www.bachelorsportal.com/universities/359/mykolas-romeris-university.html,
NABA – New Academy of Fine Arts,https://www.bachelorsportal.com/universities/103/naba-new-academy-of-fine-arts.html,
Nagoya University,https://www.bachelorsportal.com/universities/12422/nagoya-university.html,
Nagoya University of Commerce & Business (NUCB),https://www.bachelorsportal.com/universities/22117/nagoya-university-of-commerce-business.html,
Namibia University of Science and Technology,https://www.bachelorsportal.com/universities/12567/namibia-university-of-science-and-technology.html,
Nanjing Medical University,https://www.bachelorsportal.com/universities/13992/nanjing-medical-university.html,
Nanjing University of Aeronautics and Astronautics,https://www.bachelorsportal.com/universities/13945/nanjing-university-of-aeronautics-and-astronautics.html,
Nanjing University of Science and Technology,https://www.bachelorsportal.com/universities/17227/nanjing-university-of-science-and-technology.html,
Nanjing University of Technology,https://www.bachelorsportal.com/universities/14549/nanjing-university-of-technology.html,
Nanyang Technological University,https://www.bachelorsportal.com/universities/11748/nanyang-technological-university.html,
Naresuan University,https://www.bachelorsportal.com/universities/14127/naresuan-university.html,
Naropa University,https://www.bachelorsportal.com/universities/17938/naropa-university.html,
"National Aerospace University ""Kharkiv Aviation Institute""",https://www.bachelorsportal.com/universities/21525/national-aerospace-university-kharkiv-aviation-institute.html,
National American University,https://www.bachelorsportal.com/universities/18008/national-american-university.html,
National and Kapodistrian University of Athens (NKUA),https://www.bachelorsportal.com/universities/385/national-and-kapodistrian-university-of-athens.html,
National Cheng Kung University,https://www.bachelorsportal.com/universities/12388/national-cheng-kung-university.html,
National Chung Cheng University,https://www.bachelorsportal.com/universities/12397/national-chung-cheng-university.html,
National Chung Hsing University,https://www.bachelorsportal.com/universities/13426/national-chung-hsing-university.html,
National College of Ireland,https://www.bachelorsportal.com/universities/20811/national-college-of-ireland.html,
National Design Academy,https://www.bachelorsportal.com/universities/21320/national-design-academy.html,
National Formosa University,https://www.bachelorsportal.com/universities/22021/national-formosa-university.html,
National Ilan University,https://www.bachelorsportal.com/universities/15371/national-ilan-university.html,
National Institute of Technology Silchar,https://www.bachelorsportal.com/universities/20623/national-institute-of-technology-silchar.html,
"National Institute of Technology, Rourkela",https://www.bachelorsportal.com/universities/20580/national-institute-of-technology-rourkela.html,
National Louis University,https://www.bachelorsportal.com/universities/17836/national-louis-university.html,
National Motorsport Academy,https://www.bachelorsportal.com/universities/21318/national-motorsport-academy.html,
National Research Nuclear University MEPhI,https://www.bachelorsportal.com/universities/12883/national-research-nuclear-university-mephi.html,
National Sports Academy Vasil Levski,https://www.bachelorsportal.com/universities/18731/national-sports-academy-vasil-levski.html,
National Sun Yat Sen University,https://www.bachelorsportal.com/universities/12405/national-sun-yat-sen-university.html,
National Taipei University,https://www.bachelorsportal.com/universities/21499/national-taipei-university.html,
National Technical University of Ukraine  «Igor Sikorsky Kyiv Polytechnic Institute»,https://www.bachelorsportal.com/universities/934/national-technical-university-of-ukraine-igor-sikorsky-kyiv-polytechnic-institute.html,
National Tsing Hua University,https://www.bachelorsportal.com/universities/12907/national-tsing-hua-university.html,
National University,https://www.bachelorsportal.com/universities/12825/national-university.html,
National University of Sciences and Technology,https://www.bachelorsportal.com/universities/14531/national-university-of-sciences-and-technology.html,
National Yunlin University of Science and Technology,https://www.bachelorsportal.com/universities/21452/national-yunlin-university-of-science-and-technology.html,
Nautical School Infante D. Henrique,https://www.bachelorsportal.com/universities/18719/nautical-school-infante-d-henrique.html,
Nazarbayev University,https://www.bachelorsportal.com/universities/19561/nazarbayev-university.html,
Nazareth University,https://www.bachelorsportal.com/universities/17772/nazareth-university.html,
Neapolis University Pafos,https://www.bachelorsportal.com/universities/18775/neapolis-university-pafos.html,
Near East University,https://www.bachelorsportal.com/universities/9264/near-east-university.html,
Nebraska Wesleyan University,https://www.bachelorsportal.com/universities/17353/nebraska-wesleyan-university.html,
Nebrija University,https://www.bachelorsportal.com/universities/10395/nebrija-university.html,"https://storage-prtl-co.imgix.net/endor/organisations/10395/images/1707123659_1_logo_unne_cabezon-04.png?fit=fill&fill=solid&fill-color=00FFFFFF&w=48&h=48&auto=format,compress"
Nelson Marlborough Institute of Technology,https://www.bachelorsportal.com/universities/22055/nelson-marlborough-institute-of-technology.html,
NEOMA Business School,https://www.bachelorsportal.com/universities/263/neoma-business-school.html,"https://storage-prtl-co.imgix.net/mp/5de0e807fe76.png?fit=fill&fill=solid&fill-color=00FFFFFF&w=48&h=48&auto=format,compress"
Nest Academy,https://www.bachelorsportal.com/universities/19862/nest-academy.html,
New Bulgarian University,https://www.bachelorsportal.com/universities/162/new-bulgarian-university.html,
New England College,https://www.bachelorsportal.com/universities/11467/new-england-college.html,"https://storage-prtl-co.imgix.net/endor/organisations/11467/logos/sq-11467.png?fit=fill&fill=solid&fill-color=00FFFFFF&w=48&h=48&auto=format,compress"
New England Conservatory of Music,https://www.bachelorsportal.com/universities/16965/new-england-conservatory-of-music.html,
New England Institute of Technology,https://www.bachelorsportal.com/universities/18431/new-england-institute-of-technology.html,
New Era University College,https://www.bachelorsportal.com/universities/22127/new-era-university-college.html,
New European College,https://www.bachelorsportal.com/universities/16989/new-european-college.html,"https://storage-prtl-co.imgix.net/endor/organisations/16989/images/1741631600_logo-studyportals.png?fit=fill&fill=solid&fill-color=00FFFFFF&w=48&h=48&auto=format,compress"
New Mexico Highlands University,https://www.bachelorsportal.com/universities/17465/new-mexico-highlands-university.html,
New Mexico Institute of Mining and Technology,https://www.bachelorsportal.com/universities/13179/new-mexico-institute-of-mining-and-technology.html,
New York College of Health Professions,https://www.bachelorsportal.com/universities/18435/new-york-college-of-health-professions.html,
New York Film Academy,https://www.bachelorsportal.com/universities/18158/new-york-film-academy.html,
New York Institute of Technology,https://www.bachelorsportal.com/universities/16189/new-york-institute-of-technology.html,
New York School of Interior Design,https://www.bachelorsportal.com/universities/18437/new-york-school-of-interior-design.html,
New York University,https://www.bachelorsportal.com/universities/11753/new-york-university.html,
New Zealand School of Education,https://www.bachelorsportal.com/universities/16752/new-zealand-school-of-education.html,
New Zealand Tertiary College,https://www.bachelorsportal.com/universities/15924/new-zealand-tertiary-college.html,
Newcastle University,https://www.bachelorsportal.com/universities/179/newcastle-university.html,"https://storage-prtl-co.imgix.net/mp/5de0e784747a.png?fit=fill&fill=solid&fill-color=00FFFFFF&w=48&h=48&auto=format,compress"
Newschool of Architecture and Design,https://www.bachelorsportal.com/universities/18457/newschool-of-architecture-and-design.html,
NHH Norwegian School of Economics,https://www.bachelorsportal.com/universities/677/nhh-norwegian-school-of-economics.html,"https://storage-prtl-co.imgix.net/endor/organisations/677/images/1696857424_logo-512-x-512-px.jpg?fit=fill&fill=solid&fill-color=00FFFFFF&w=48&h=48&auto=format,compress"
NHL Stenden University of Applied Sciences,https://www.bachelorsportal.com/universities/854/nhl-stenden-university-of-applied-sciences.html,"https://storage-prtl-co.imgix.net/mp/5de0e8da53b6.png?fit=fill&fill=solid&fill-color=00FFFFFF&w=48&h=48&auto=format,compress"
Niagara College,https://www.bachelorsportal.com/universities/24284/niagara-college.html,"https://storage-prtl-co.imgix.net/endor/organisations/24284/images/1763586893_site-share-logo.jpg?fit=fill&fill=solid&fill-color=00FFFFFF&w=48&h=48&auto=format,compress"
Niagara University,https://www.bachelorsportal.com/universities/17339/niagara-university.html,
Nicholls State University,https://www.bachelorsportal.com/universities/17549/nicholls-state-university.html,
Nichols College,https://www.bachelorsportal.com/universities/16898/nichols-college.html,
Nicolaus Copernicus University in Torun,https://www.bachelorsportal.com/universities/1666/nicolaus-copernicus-university-in-torun.html,
Niels Brock Copenhagen Business College,https://www.bachelorsportal.com/universities/1488/niels-brock-copenhagen-business-college.html,
Ningbo University,https://www.bachelorsportal.com/universities/12432/ningbo-university.html,
Nitte Meenakshi Institute of Technology,https://www.bachelorsportal.com/universities/23841/nitte-meenakshi-institute-of-technology.html,
Norfolk State University,https://www.bachelorsportal.com/universities/17207/norfolk-state-university.html,
Norland,https://www.bachelorsportal.com/universities/24001/norland.html,
Noroff School of Technology and Digital Media,https://www.bachelorsportal.com/universities/19141/noroff-school-of-technology-and-digital-media.html,
North American University,https://www.bachelorsportal.com/universities/18459/north-american-university.html,
North Carolina Agricultural & Technical State University,https://www.bachelorsportal.com/universities/17189/north-carolina-agricultural-technical-state-university.html,
North Carolina Central University,https://www.bachelorsportal.com/universities/16448/north-carolina-central-university.html,
North Carolina State University,https://www.bachelorsportal.com/universities/12091/north-carolina-state-university.html,
North Central College,https://www.bachelorsportal.com/universities/23843/north-central-college.html,"https://storage-prtl-co.imgix.net/endor/organisations/23843/images/1744061952_ncc-identity-responsivetower_large.png?fit=fill&fill=solid&fill-color=00FFFFFF&w=48&h=48&auto=format,compress"
North China Electric Power University,https://www.bachelorsportal.com/universities/20396/north-china-electric-power-university.html,
North Dakota State University,https://www.bachelorsportal.com/universities/13977/north-dakota-state-university.html,
North Park University,https://www.bachelorsportal.com/universities/17977/north-park-university.html,
North-West University (NWU),https://www.bachelorsportal.com/universities/15110/north-west-university.html,
Northeastern Illinois University,https://www.bachelorsportal.com/universities/17130/northeastern-illinois-university.html,
Northeastern State University,https://www.bachelorsportal.com/universities/17948/northeastern-state-university.html,
Northeastern University,https://www.bachelorsportal.com/universities/11238/northeastern-university.html,"https://storage-prtl-co.imgix.net/endor/organisations/11238/logos/sq-11238.png?fit=fill&fill=solid&fill-color=00FFFFFF&w=48&h=48&auto=format,compress"
Northeastern University China,https://www.bachelorsportal.com/universities/13952/northeastern-university-china.html,
Northeastern University London,https://www.bachelorsportal.com/universities/17864/northeastern-university-london.html,
Northern Alberta Institute of Technology,https://www.bachelorsportal.com/universities/21115/northern-alberta-institute-of-technology.html,
Northern Arizona University,https://www.bachelorsportal.com/universities/11345/northern-arizona-university.html,
Northern Caribbean University,https://www.bachelorsportal.com/universities/18863/northern-caribbean-university.html,
Northern College,https://www.bachelorsportal.com/universities/20931/northern-college.html,
Northern Kentucky University,https://www.bachelorsportal.com/universities/15097/northern-kentucky-university.html,
Northern Michigan University,https://www.bachelorsportal.com/universities/16535/northern-michigan-university.html,
Northern State University,https://www.bachelorsportal.com/universities/17969/northern-state-university.html,
Northpoint Bible College,https://www.bachelorsportal.com/universities/16978/northpoint-bible-college.html,
NorthTec,https://www.bachelorsportal.com/universities/22049/northtec.html,
Northumbria University,https://www.bachelorsportal.com/universities/1241/northumbria-university.html,"https://storage-prtl-co.imgix.net/endor/organisations/1241/images/1716991980_northumbria-logo.png?fit=fill&fill=solid&fill-color=00FFFFFF&w=48&h=48&auto=format,compress"
Northwest Missouri State University,https://www.bachelorsportal.com/universities/17325/northwest-missouri-state-university.html,
Northwest Nazarene University,https://www.bachelorsportal.com/universities/17698/northwest-nazarene-university.html,
Northwest University,https://www.bachelorsportal.com/universities/18469/northwest-university.html,
Northwestern Polytechnical University,https://www.bachelorsportal.com/universities/13996/northwestern-polytechnical-university.html,
Northwood University,https://www.bachelorsportal.com/universities/22069/northwood-university.html,
Norwegian University of Life Sciences (NMBU),https://www.bachelorsportal.com/universities/168/norwegian-university-of-life-sciences.html,
Norwich University of the Arts,https://www.bachelorsportal.com/universities/506/norwich-university-of-the-arts.html,
Nottingham Trent University,https://www.bachelorsportal.com/universities/592/nottingham-trent-university.html,
Nova School of Business and Economics,https://www.bachelorsportal.com/universities/10997/nova-school-of-business-and-economics.html,"https://storage-prtl-co.imgix.net/mp/5de0e5beaf1a.png?fit=fill&fill=solid&fill-color=00FFFFFF&w=48&h=48&auto=format,compress"
Nova Southeastern University,https://www.bachelorsportal.com/universities/14056/nova-southeastern-university.html,"https://storage-prtl-co.imgix.net/endor/organisations/14056/logos/sq-14056.png?fit=fill&fill=solid&fill-color=00FFFFFF&w=48&h=48&auto=format,compress"
NYU Shanghai,https://www.bachelorsportal.com/universities/19912/nyu-shanghai.html,
O.P. Jindal Global University,https://www.bachelorsportal.com/universities/23105/op-jindal-global-university.html,"https://storage-prtl-co.imgix.net/endor/organisations/23105/images/1721239062_360x360.png?fit=fill&fill=solid&fill-color=00FFFFFF&w=48&h=48&auto=format,compress"
Oakland University,https://www.bachelorsportal.com/universities/14505/oakland-university.html,
Oberlin College & Conservatory,https://www.bachelorsportal.com/universities/15267/oberlin-college-conservatory.html,
Óbuda University,https://www.bachelorsportal.com/universities/1144/buda-university.html,
OCAD University,https://www.bachelorsportal.com/universities/19629/ocad-university.html,
Ocean University of China,https://www.bachelorsportal.com/universities/14506/ocean-university-of-china.html,
Odisee University,https://www.bachelorsportal.com/universities/17305/odisee-university.html,
Oglethorpe University,https://www.bachelorsportal.com/universities/18155/oglethorpe-university.html,
Ohio Dominican University,https://www.bachelorsportal.com/universities/17853/ohio-dominican-university.html,
Ohio Northern University,https://www.bachelorsportal.com/universities/17148/ohio-northern-university.html,
Ohio Wesleyan University,https://www.bachelorsportal.com/universities/16342/ohio-wesleyan-university.html,
Okanagan College,https://www.bachelorsportal.com/universities/19590/okanagan-college.html,
Oklahoma Baptist University,https://www.bachelorsportal.com/universities/18485/oklahoma-baptist-university.html,
Oklahoma Christian University,https://www.bachelorsportal.com/universities/17456/oklahoma-christian-university.html,
Oklahoma City University,https://www.bachelorsportal.com/universities/17275/oklahoma-city-university.html,
Oklahoma State University,https://www.bachelorsportal.com/universities/11828/oklahoma-state-university.html,"https://storage-prtl-co.imgix.net/mp/5de0e6206ed9.png?fit=fill&fill=solid&fill-color=00FFFFFF&w=48&h=48&auto=format,compress"
Old Dominion University,https://www.bachelorsportal.com/universities/13102/old-dominion-university.html,
OMNES Education,https://www.bachelorsportal.com/universities/1466/omnes-education.html,
Ontario Tech University,https://www.bachelorsportal.com/universities/15308/ontario-tech-university.html,
Open Polytechnic of New Zealand,https://www.bachelorsportal.com/universities/22057/open-polytechnic-of-new-zealand.html,
OpenClassrooms,https://www.bachelorsportal.com/universities/17393/openclassrooms.html,
OPIT - Open Institute of Technology,https://www.bachelorsportal.com/universities/22206/opit-open-institute-of-technology.html,
Oral Roberts University,https://www.bachelorsportal.com/universities/17532/oral-roberts-university.html,
Oregon Health & Science University,https://www.bachelorsportal.com/universities/12389/oregon-health-science-university.html,
Oregon Institute of Technology,https://www.bachelorsportal.com/universities/17321/oregon-institute-of-technology.html,
Oregon State University,https://www.bachelorsportal.com/universities/12101/oregon-state-university.html,
Osnabrück University of Applied Sciences,https://www.bachelorsportal.com/universities/892/osnabrck-university-of-applied-sciences.html,
Ostbayerische Technische Hochschule Regensburg,https://www.bachelorsportal.com/universities/18723/ostbayerische-technische-hochschule-regensburg.html,
Ostelea - School of Tourism & Hospitality,https://www.bachelorsportal.com/universities/12310/ostelea-school-of-tourism-hospitality.html,
Østfold University College,https://www.bachelorsportal.com/universities/17116/stfold-university-college.html,
OSTiM Technical University,https://www.bachelorsportal.com/universities/24278/ostim-technical-university.html,
Otis College of Art and Design,https://www.bachelorsportal.com/universities/18491/otis-college-of-art-and-design.html,
Otterbein University,https://www.bachelorsportal.com/universities/17869/otterbein-university.html,
Otto von Guericke University Magdeburg,https://www.bachelorsportal.com/universities/13926/otto-von-guericke-university-magdeburg.html,
Oulu University of Applied Sciences,https://www.bachelorsportal.com/universities/898/oulu-university-of-applied-sciences.html,
Oxford Brookes University,https://www.bachelorsportal.com/universities/173/oxford-brookes-university.html,
Ozyegin University,https://www.bachelorsportal.com/universities/1029/ozyegin-university.html,
Pace University,https://www.bachelorsportal.com/universities/12502/pace-university.html,"https://storage-prtl-co.imgix.net/endor/organisations/12502/images/1633025291_141990199_10157612613467341_2692219704885587937_n.png?fit=fill&fill=solid&fill-color=00FFFFFF&w=48&h=48&auto=format,compress"
Pacific International Hotel Management School,https://www.bachelorsportal.com/universities/22052/pacific-international-hotel-management-school.html,
Pacific Lutheran University,https://www.bachelorsportal.com/universities/17035/pacific-lutheran-university.html,
Pacific Oaks College,https://www.bachelorsportal.com/universities/22735/pacific-oaks-college.html,
Pacific University Oregon,https://www.bachelorsportal.com/universities/17138/pacific-university-oregon.html,
Palm Beach Atlantic University,https://www.bachelorsportal.com/universities/17790/palm-beach-atlantic-university.html,
Palm Beach State,https://www.bachelorsportal.com/universities/19195/palm-beach-state.html,
Pan European University,https://www.bachelorsportal.com/universities/1214/pan-european-university.html,
Panjab University,https://www.bachelorsportal.com/universities/13103/panjab-university.html,
Paris College of Art,https://www.bachelorsportal.com/universities/15767/paris-college-of-art.html,
Paris School of Business (PSB),https://www.bachelorsportal.com/universities/825/paris-school-of-business.html,"https://storage-prtl-co.imgix.net/endor/organisations/825/images/1731925462_logo-psb.jpg?fit=fill&fill=solid&fill-color=00FFFFFF&w=48&h=48&auto=format,compress"
Park University,https://www.bachelorsportal.com/universities/17429/park-university.html,
Pavol Jozef Safárik University in Kosice,https://www.bachelorsportal.com/universities/15442/pavol-jozef-safrik-university-in-kosice.html,
Pearl Academy,https://www.bachelorsportal.com/universities/19826/pearl-academy.html,
Peking University,https://www.bachelorsportal.com/universities/11760/peking-university.html,
Pennsylvania College of Technology,https://www.bachelorsportal.com/universities/17392/pennsylvania-college-of-technology.html,
Pennsylvania State University,https://www.bachelorsportal.com/universities/11761/pennsylvania-state-university.html,
Pennsylvania Western University,https://www.bachelorsportal.com/universities/24149/pennsylvania-western-university.html,
Pepperdine University,https://www.bachelorsportal.com/universities/11535/pepperdine-university.html,
Perm State University,https://www.bachelorsportal.com/universities/15872/perm-state-university.html,
Peter the Great St. Petersburg Polytechnic University (SPbPU),https://www.bachelorsportal.com/universities/1682/peter-the-great-st-petersburg-polytechnic-university.html,
Pfeiffer University,https://www.bachelorsportal.com/universities/17675/pfeiffer-university.html,
Pforzheim University,https://www.bachelorsportal.com/universities/1123/pforzheim-university.html,
Phoenicia University,https://www.bachelorsportal.com/universities/23547/phoenicia-university.html,
Plumpton College,https://www.bachelorsportal.com/universities/12033/plumpton-college.html,
Plymouth Marjon University,https://www.bachelorsportal.com/universities/17609/plymouth-marjon-university.html,
Plymouth State University,https://www.bachelorsportal.com/universities/17366/plymouth-state-university.html,
Point Loma Nazarene University,https://www.bachelorsportal.com/universities/17832/point-loma-nazarene-university.html,
Point Park University,https://www.bachelorsportal.com/universities/18528/point-park-university.html,
Polish-Japanese Academy of Information Technology,https://www.bachelorsportal.com/universities/1685/polish-japanese-academy-of-information-technology.html,
Politecnico di Milano,https://www.bachelorsportal.com/universities/601/politecnico-di-milano.html,
Politecnico di Torino,https://www.bachelorsportal.com/universities/71/politecnico-di-torino.html,"https://storage-prtl-co.imgix.net/mp/5de0e8b19df3.png?fit=fill&fill=solid&fill-color=00FFFFFF&w=48&h=48&auto=format,compress"
Politehnica University Timisoara,https://www.bachelorsportal.com/universities/1008/politehnica-university-timisoara.html,
Polytechnic Institute of Bragança,https://www.bachelorsportal.com/universities/1834/polytechnic-institute-of-bragana.html,
Polytechnic of Porto,https://www.bachelorsportal.com/universities/15362/polytechnic-of-porto.html,
Polytechnic University of Catalonia,https://www.bachelorsportal.com/universities/354/polytechnic-university-of-catalonia.html,
Polytechnical Institute of Lisbon,https://www.bachelorsportal.com/universities/17250/polytechnical-institute-of-lisbon.html,
PolyU Design,https://www.bachelorsportal.com/universities/19781/polyu-design.html,"https://storage-prtl-co.imgix.net/endor/organisations/19781/images/1719945668_updated-banner-final.png?fit=fill&fill=solid&fill-color=00FFFFFF&w=48&h=48&auto=format,compress"
Pomona College,https://www.bachelorsportal.com/universities/15041/pomona-college.html,
Pompeu Fabra University,https://www.bachelorsportal.com/universities/230/pompeu-fabra-university.html,
Post University,https://www.bachelorsportal.com/universities/19098/post-university.html,
Poznan University of Economics and Business,https://www.bachelorsportal.com/universities/1112/poznan-university-of-economics-and-business.html,
Poznan University of Technology,https://www.bachelorsportal.com/universities/1642/poznan-university-of-technology.html,
Prague University of Economics and Business,https://www.bachelorsportal.com/universities/382/prague-university-of-economics-and-business.html,
Prairie View A&M University,https://www.bachelorsportal.com/universities/17131/prairie-view-am-university.html,
Pratt Institute,https://www.bachelorsportal.com/universities/16649/pratt-institute.html,
Presbyterian College,https://www.bachelorsportal.com/universities/17690/presbyterian-college.html,
Prince of Songkla University,https://www.bachelorsportal.com/universities/12249/prince-of-songkla-university.html,
Princeton University,https://www.bachelorsportal.com/universities/11768/princeton-university.html,
Protestant University of Applied Sciences Ludwigsburg,https://www.bachelorsportal.com/universities/21131/protestant-university-of-applied-sciences-ludwigsburg.html,
Providence College,https://www.bachelorsportal.com/universities/16534/providence-college.html,
Providence University,https://www.bachelorsportal.com/universities/15403/providence-university.html,"https://storage-prtl-co.imgix.net/endor/organisations/15403/images/1696054386_logo.png?fit=fill&fill=solid&fill-color=00FFFFFF&w=48&h=48&auto=format,compress"
PSM Paris School of Management,https://www.bachelorsportal.com/universities/24123/psm-paris-school-of-management.html,"https://storage-prtl-co.imgix.net/endor/organisations/24123/images/1753451179_psm-rez.png?fit=fill&fill=solid&fill-color=00FFFFFF&w=48&h=48&auto=format,compress"
Purchase College SUNY,https://www.bachelorsportal.com/universities/17323/purchase-college-suny.html,
Purdue University,https://www.bachelorsportal.com/universities/11503/purdue-university.html,
Purdue University Fort Wayne,https://www.bachelorsportal.com/universities/14136/purdue-university-fort-wayne.html,
Purdue University Northwest,https://www.bachelorsportal.com/universities/17157/purdue-university-northwest.html,
Pusan National University,https://www.bachelorsportal.com/universities/13107/pusan-national-university.html,
Qatar University,https://www.bachelorsportal.com/universities/13221/qatar-university.html,
Qingdao University,https://www.bachelorsportal.com/universities/13971/qingdao-university.html,
Quebec Institute of Tourism and Hotel Management,https://www.bachelorsportal.com/universities/15794/quebec-institute-of-tourism-and-hotel-management.html,
Queen Margaret University,https://www.bachelorsportal.com/universities/121/queen-margaret-university.html,
Queen Mary University of London,https://www.bachelorsportal.com/universities/291/queen-mary-university-of-london.html,"https://storage-prtl-co.imgix.net/endor/organisations/291/images/1742458747_172_25-square-logo.jpg?fit=fill&fill=solid&fill-color=00FFFFFF&w=48&h=48&auto=format,compress"
Queen's University,https://www.bachelorsportal.com/universities/12324/queens-university.html,"https://storage-prtl-co.imgix.net/endor/organisations/12324/logos/sq-12324.png?fit=fill&fill=solid&fill-color=00FFFFFF&w=48&h=48&auto=format,compress"
Queen's University Belfast,https://www.bachelorsportal.com/universities/513/queens-university-belfast.html,"https://storage-prtl-co.imgix.net/endor/organisations/513/images/1726735236_qub-logo.jpg?fit=fill&fill=solid&fill-color=00FFFFFF&w=48&h=48&auto=format,compress"
Queens University of Charlotte,https://www.bachelorsportal.com/universities/17942/queens-university-of-charlotte.html,
Queensland University of Technology,https://www.bachelorsportal.com/universities/11978/queensland-university-of-technology.html,
Quinnipiac University,https://www.bachelorsportal.com/universities/16849/quinnipiac-university.html,
Radboud University,https://www.bachelorsportal.com/universities/82/radboud-university.html,"https://storage-prtl-co.imgix.net/endor/organisations/82/images/1712839615_logo_radboud_university.jpg?fit=fill&fill=solid&fill-color=00FFFFFF&w=48&h=48&auto=format,compress"
Radford University,https://www.bachelorsportal.com/universities/16795/radford-university.html,
Raffles University,https://www.bachelorsportal.com/universities/18985/raffles-university.html,
Ramapo College of New Jersey,https://www.bachelorsportal.com/universities/16194/ramapo-college-of-new-jersey.html,
Rangsit University,https://www.bachelorsportal.com/universities/17247/rangsit-university.html,
Ravensbourne University London,https://www.bachelorsportal.com/universities/10851/ravensbourne-university-london.html,
Red Deer Polytechnic,https://www.bachelorsportal.com/universities/22196/red-deer-polytechnic.html,
Red River College Polytechnic,https://www.bachelorsportal.com/universities/21117/red-river-college-polytechnic.html,
Redeemer University,https://www.bachelorsportal.com/universities/22201/redeemer-university.html,"https://storage-prtl-co.imgix.net/endor/organisations/22201/images/1717707928_ru-redeemerlogo-square55.png?fit=fill&fill=solid&fill-color=00FFFFFF&w=48&h=48&auto=format,compress"
Reed College,https://www.bachelorsportal.com/universities/16987/reed-college.html,
Regenesys Business School,https://www.bachelorsportal.com/universities/22213/regenesys-business-school.html,
Regent Business School,https://www.bachelorsportal.com/universities/22210/regent-business-school.html,
Regent College London,https://www.bachelorsportal.com/universities/19637/regent-college-london.html,
Regent University,https://www.bachelorsportal.com/universities/17005/regent-university.html,
Regent's University London,https://www.bachelorsportal.com/universities/1436/regents-university-london.html,
Regis College,https://www.bachelorsportal.com/universities/16926/regis-college.html,
Regis University,https://www.bachelorsportal.com/universities/17324/regis-university.html,
Reichman University,https://www.bachelorsportal.com/universities/9424/reichman-university.html,
Renmin University of China,https://www.bachelorsportal.com/universities/12901/renmin-university-of-china.html,
Rennes School of Business,https://www.bachelorsportal.com/universities/762/rennes-school-of-business.html,"https://storage-prtl-co.imgix.net/endor/organisations/762/images/1673967120_logo_1500x1500.png?fit=fill&fill=solid&fill-color=00FFFFFF&w=48&h=48&auto=format,compress"
Rensselaer Polytechnic Institute,https://www.bachelorsportal.com/universities/12325/rensselaer-polytechnic-institute.html,
Reutlingen University,https://www.bachelorsportal.com/universities/17760/reutlingen-university.html,
Rey Juan Carlos University,https://www.bachelorsportal.com/universities/699/rey-juan-carlos-university.html,
Rhode Island College,https://www.bachelorsportal.com/universities/16818/rhode-island-college.html,
Rhode Island School of Design,https://www.bachelorsportal.com/universities/17282/rhode-island-school-of-design.html,
Rhodes College,https://www.bachelorsportal.com/universities/17210/rhodes-college.html,
Rice University,https://www.bachelorsportal.com/universities/11771/rice-university.html,
Richmond American University in London,https://www.bachelorsportal.com/universities/809/richmond-american-university-in-london.html,
Rider University,https://www.bachelorsportal.com/universities/16290/rider-university.html,
Riga Stradins University,https://www.bachelorsportal.com/universities/1956/riga-stradins-university.html,
Riga Technical University,https://www.bachelorsportal.com/universities/185/riga-technical-university.html,
Rikkyo University,https://www.bachelorsportal.com/universities/15399/rikkyo-university.html,
Ripon College,https://www.bachelorsportal.com/universities/17442/ripon-college.html,
RISEBA University,https://www.bachelorsportal.com/universities/810/riseba-university.html,
RIT Croatia,https://www.bachelorsportal.com/universities/21833/rit-croatia.html,
Ritsumeikan University,https://www.bachelorsportal.com/universities/14199/ritsumeikan-university.html,
Roanoke College,https://www.bachelorsportal.com/universities/17380/roanoke-college.html,
Robert Gordon University,https://www.bachelorsportal.com/universities/227/robert-gordon-university.html,
Robert Kennedy College,https://www.bachelorsportal.com/universities/19000/robert-kennedy-college.html,
Robert Morris University,https://www.bachelorsportal.com/universities/16284/robert-morris-university.html,
Rochester Institute of Technology,https://www.bachelorsportal.com/universities/12100/rochester-institute-of-technology.html,
Rockford University,https://www.bachelorsportal.com/universities/18537/rockford-university.html,
Roger Williams University,https://www.bachelorsportal.com/universities/15880/roger-williams-university.html,
Rogers State University,https://www.bachelorsportal.com/universities/17485/rogers-state-university.html,
Rollins College,https://www.bachelorsportal.com/universities/16988/rollins-college.html,
Romanian-American University,https://www.bachelorsportal.com/universities/1449/romanian-american-university.html,
Roosevelt University,https://www.bachelorsportal.com/universities/12504/roosevelt-university.html,
Rose Bruford College,https://www.bachelorsportal.com/universities/1139/rose-bruford-college.html,
Rose-Hulman Institute of Technology,https://www.bachelorsportal.com/universities/16511/rose-hulman-institute-of-technology.html,
Rosemont College,https://www.bachelorsportal.com/universities/20523/rosemont-college.html,
Rosenheim Technical University of Applied Sciences,https://www.bachelorsportal.com/universities/18508/rosenheim-technical-university-of-applied-sciences.html,
Roskilde University,https://www.bachelorsportal.com/universities/703/roskilde-university.html,"https://storage-prtl-co.imgix.net/mp/5de0e8ad70e5.png?fit=fill&fill=solid&fill-color=00FFFFFF&w=48&h=48&auto=format,compress"
Rotterdam University of Applied Sciences,https://www.bachelorsportal.com/universities/21098/rotterdam-university-of-applied-sciences.html,
Rowan University,https://www.bachelorsportal.com/universities/15224/rowan-university.html,
"Royal Academy of Art, The Hague",https://www.bachelorsportal.com/universities/1599/royal-academy-of-art-the-hague.html,
Royal Agricultural University,https://www.bachelorsportal.com/universities/1655/royal-agricultural-university.html,
Royal College of Art,https://www.bachelorsportal.com/universities/436/royal-college-of-art.html,"https://storage-prtl-co.imgix.net/endor/organisations/436/logos/sq-436.png?fit=fill&fill=solid&fill-color=00FFFFFF&w=48&h=48&auto=format,compress"
Royal College of Surgeons in Ireland,https://www.bachelorsportal.com/universities/13109/royal-college-of-surgeons-in-ireland.html,
Royal Holloway University of London,https://www.bachelorsportal.com/universities/307/royal-holloway-university-of-london.html,
Royal Irish Academy of Music,https://www.bachelorsportal.com/universities/17356/royal-irish-academy-of-music.html,
Royal Military College of Canada,https://www.bachelorsportal.com/universities/17154/royal-military-college-of-canada.html,
Royal Roads University,https://www.bachelorsportal.com/universities/11465/royal-roads-university.html,
Royal University of Bhutan,https://www.bachelorsportal.com/universities/14782/royal-university-of-bhutan.html,
Ruhr University Bochum,https://www.bachelorsportal.com/universities/61/ruhr-university-bochum.html,
Rush University,https://www.bachelorsportal.com/universities/13110/rush-university.html,
Rutgers University,https://www.bachelorsportal.com/universities/15776/rutgers-university.html,
S P Jain School of Global Management - Dubai,https://www.bachelorsportal.com/universities/12093/s-p-jain-school-of-global-management-dubai.html,
Saarland University,https://www.bachelorsportal.com/universities/324/saarland-university.html,
Sabanci University,https://www.bachelorsportal.com/universities/1000/sabanci-university.html,
SAE Institute Dubai,https://www.bachelorsportal.com/universities/19801/sae-institute-dubai.html,
SAE Institute Vienna,https://www.bachelorsportal.com/universities/20116/sae-institute-vienna.html,
Saginaw Valley State University,https://www.bachelorsportal.com/universities/16996/saginaw-valley-state-university.html,
Saint Ambrose University,https://www.bachelorsportal.com/universities/17819/saint-ambrose-university.html,
Saint Anselm College,https://www.bachelorsportal.com/universities/17357/saint-anselm-college.html,
Saint Cloud State University,https://www.bachelorsportal.com/universities/16861/saint-cloud-state-university.html,
Saint Elizabeth University,https://www.bachelorsportal.com/universities/18138/saint-elizabeth-university.html,
Saint Francis University,https://www.bachelorsportal.com/universities/18160/saint-francis-university.html,
Saint John Fisher College,https://www.bachelorsportal.com/universities/17695/saint-john-fisher-college.html,
Saint Joseph University of Beirut,https://www.bachelorsportal.com/universities/19495/saint-joseph-university-of-beirut.html,"https://storage-prtl-co.imgix.net/endor/organisations/19495/logos/sq-19495.png?fit=fill&fill=solid&fill-color=00FFFFFF&w=48&h=48&auto=format,compress"
Saint Joseph's University,https://www.bachelorsportal.com/universities/16592/saint-josephs-university.html,"https://storage-prtl-co.imgix.net/endor/organisations/16592/logos/sq-16592.png?fit=fill&fill=solid&fill-color=00FFFFFF&w=48&h=48&auto=format,compress"
Saint Leo University,https://www.bachelorsportal.com/universities/17831/saint-leo-university.html,
Saint Louis University,https://www.bachelorsportal.com/universities/11134/saint-louis-university.html,
Saint Martin's University,https://www.bachelorsportal.com/universities/17704/saint-martins-university.html,
Saint Mary's College,https://www.bachelorsportal.com/universities/17914/saint-marys-college.html,
Saint Mary's College of Maryland,https://www.bachelorsportal.com/universities/17755/saint-marys-college-of-maryland.html,
Saint Mary's University,https://www.bachelorsportal.com/universities/15098/saint-marys-university.html,
Saint Mary's University of Minnesota,https://www.bachelorsportal.com/universities/17359/saint-marys-university-of-minnesota.html,
Saint Michael's College,https://www.bachelorsportal.com/universities/16566/saint-michaels-college.html,
Saint Peter's University,https://www.bachelorsportal.com/universities/17489/saint-peters-university.html,
Saint Vincent College,https://www.bachelorsportal.com/universities/17910/saint-vincent-college.html,
Saint Xavier University,https://www.bachelorsportal.com/universities/11531/saint-xavier-university.html,
Saint-Petersburg University,https://www.bachelorsportal.com/universities/181/saint-petersburg-university.html,
Sakarya University,https://www.bachelorsportal.com/universities/11372/sakarya-university.html,
Salem International University,https://www.bachelorsportal.com/universities/18546/salem-international-university.html,
Salem State University,https://www.bachelorsportal.com/universities/16870/salem-state-university.html,
Salisbury University,https://www.bachelorsportal.com/universities/17159/salisbury-university.html,
Salve Regina University,https://www.bachelorsportal.com/universities/17705/salve-regina-university.html,
Salzburg University of Applied Sciences,https://www.bachelorsportal.com/universities/414/salzburg-university-of-applied-sciences.html,
Sam Houston State University,https://www.bachelorsportal.com/universities/14821/sam-houston-state-university.html,
San Diego State University,https://www.bachelorsportal.com/universities/11405/san-diego-state-university.html,
San Francisco Conservatory of Music,https://www.bachelorsportal.com/universities/18552/san-francisco-conservatory-of-music.html,
San Francisco State University,https://www.bachelorsportal.com/universities/12104/san-francisco-state-university.html,
San Jorge University,https://www.bachelorsportal.com/universities/18790/san-jorge-university.html,
San José State University,https://www.bachelorsportal.com/universities/14159/san-jos-state-university.html,
Sant Pol School of Hospitality and Culinary Management-Barcelona,https://www.bachelorsportal.com/universities/9408/sant-pol-school-of-hospitality-and-culinary-management-barcelona.html,
Santa Monica College,https://www.bachelorsportal.com/universities/17598/santa-monica-college.html,
Sarah Lawrence College,https://www.bachelorsportal.com/universities/18555/sarah-lawrence-college.html,
Saskatchewan Polytechnic,https://www.bachelorsportal.com/universities/21116/saskatchewan-polytechnic.html,"https://storage-prtl-co.imgix.net/endor/organisations/21116/images/1695326896_cropped-sask-polytechnic-international-logo.png?fit=fill&fill=solid&fill-color=00FFFFFF&w=48&h=48&auto=format,compress"
SASTRA University,https://www.bachelorsportal.com/universities/21457/sastra-university.html,
Satbayev University,https://www.bachelorsportal.com/universities/21518/satbayev-university.html,
Sathyabama Institute of Science and Technology,https://www.bachelorsportal.com/universities/21517/sathyabama-institute-of-science-and-technology.html,
Sault College of Applied Arts and Technology,https://www.bachelorsportal.com/universities/20969/sault-college-of-applied-arts-and-technology.html,
Savannah College of Art and Design,https://www.bachelorsportal.com/universities/17473/savannah-college-of-art-and-design.html,
Savannah State University,https://www.bachelorsportal.com/universities/18556/savannah-state-university.html,
Saxion University of Applied Sciences,https://www.bachelorsportal.com/universities/96/saxion-university-of-applied-sciences.html,"https://storage-prtl-co.imgix.net/mp/5de0e9059c6a.png?fit=fill&fill=solid&fill-color=00FFFFFF&w=48&h=48&auto=format,compress"
SBS Swiss Business School,https://www.bachelorsportal.com/universities/1248/sbs-swiss-business-school.html,
SBS Swiss Business School Madrid,https://www.bachelorsportal.com/universities/23093/sbs-swiss-business-school-madrid.html,
Schiller International University,https://www.bachelorsportal.com/universities/497/schiller-international-university.html,"https://storage-prtl-co.imgix.net/endor/organisations/497/images/1718787942_schiller_logo_2024_color-2.png?fit=fill&fill=solid&fill-color=00FFFFFF&w=48&h=48&auto=format,compress"
Schmalkalden University of Applied Sciences,https://www.bachelorsportal.com/universities/1640/schmalkalden-university-of-applied-sciences.html,
School of International Business and Marketing in Paris,https://www.bachelorsportal.com/universities/18421/school-of-international-business-and-marketing-in-paris.html,
School of the Art Institute of Chicago,https://www.bachelorsportal.com/universities/17531/school-of-the-art-institute-of-chicago.html,
School of Visual Arts,https://www.bachelorsportal.com/universities/18701/school-of-visual-arts.html,
Sciences Po,https://www.bachelorsportal.com/universities/1607/sciences-po.html,
Scotland's Rural College (SRUC),https://www.bachelorsportal.com/universities/16359/scotlands-rural-college.html,
SeAMK - Seinäjoki University of Applied Sciences,https://www.bachelorsportal.com/universities/690/seamk-seinjoki-university-of-applied-sciences.html,
Seattle Pacific University,https://www.bachelorsportal.com/universities/17029/seattle-pacific-university.html,
Seattle University,https://www.bachelorsportal.com/universities/15112/seattle-university.html,
SEGI University,https://www.bachelorsportal.com/universities/21186/segi-university.html,
Sejong University,https://www.bachelorsportal.com/universities/14513/sejong-university.html,
Selkirk College,https://www.bachelorsportal.com/universities/21906/selkirk-college.html,
Semmelweis University,https://www.bachelorsportal.com/universities/14482/semmelweis-university.html,
Semnan University of Medical Sciences and Health Services,https://www.bachelorsportal.com/universities/21530/semnan-university-of-medical-sciences-and-health-services.html,
Seneca Polytechnic,https://www.bachelorsportal.com/universities/17640/seneca-polytechnic.html,"https://storage-prtl-co.imgix.net/mp/5de0e776e49b.png?fit=fill&fill=solid&fill-color=00FFFFFF&w=48&h=48&auto=format,compress"
Seoul National University,https://www.bachelorsportal.com/universities/11776/seoul-national-university.html,
Seton Hall University,https://www.bachelorsportal.com/universities/15071/seton-hall-university.html,
Seton Hill University,https://www.bachelorsportal.com/universities/17697/seton-hill-university.html,
Sewanee The University Of The South,https://www.bachelorsportal.com/universities/16998/sewanee-the-university-of-the-south.html,
Shandong Jianzhu University,https://www.bachelorsportal.com/universities/20498/shandong-jianzhu-university.html,
Shandong University,https://www.bachelorsportal.com/universities/13111/shandong-university.html,
Shanghai Jiao Tong University,https://www.bachelorsportal.com/universities/12407/shanghai-jiao-tong-university.html,
Shanghai Maritime University,https://www.bachelorsportal.com/universities/20436/shanghai-maritime-university.html,
Shanghai Polytechnic University,https://www.bachelorsportal.com/universities/20459/shanghai-polytechnic-university.html,
Shanghai University of Engineering Science,https://www.bachelorsportal.com/universities/14557/shanghai-university-of-engineering-science.html,
Shanghai University of Traditional Chinese Medicine,https://www.bachelorsportal.com/universities/20492/shanghai-university-of-traditional-chinese-medicine.html,
Shantou University,https://www.bachelorsportal.com/universities/13944/shantou-university.html,
Sharif University of Technology,https://www.bachelorsportal.com/universities/13112/sharif-university-of-technology.html,
Shawnee State University,https://www.bachelorsportal.com/universities/17427/shawnee-state-university.html,
Sheffield Hallam University,https://www.bachelorsportal.com/universities/240/sheffield-hallam-university.html,"https://storage-prtl-co.imgix.net/mp/5de0e7fdf6c8.png?fit=fill&fill=solid&fill-color=00FFFFFF&w=48&h=48&auto=format,compress"
Shenandoah University,https://www.bachelorsportal.com/universities/17383/shenandoah-university.html,
Shenkar College,https://www.bachelorsportal.com/universities/13311/shenkar-college.html,
Shenyang Aerospace University,https://www.bachelorsportal.com/universities/14559/shenyang-aerospace-university.html,
Shenyang University of Chemical Technology,https://www.bachelorsportal.com/universities/20462/shenyang-university-of-chemical-technology.html,
Shenyang Urban Construction University,https://www.bachelorsportal.com/universities/20452/shenyang-urban-construction-university.html,
Shenzhen University,https://www.bachelorsportal.com/universities/13437/shenzhen-university.html,
Shepherd University,https://www.bachelorsportal.com/universities/15004/shepherd-university.html,
Sheridan College,https://www.bachelorsportal.com/universities/17395/sheridan-college.html,
SHG Universities,https://www.bachelorsportal.com/universities/24205/shg-universities.html,
Shibaura Institute of Technology,https://www.bachelorsportal.com/universities/16587/shibaura-institute-of-technology.html,
Shiraz University of Medical Sciences,https://www.bachelorsportal.com/universities/17254/shiraz-university-of-medical-sciences.html,
SHL Schweizerische Hotelfachschule Luzern,https://www.bachelorsportal.com/universities/24387/shl-schweizerische-hotelfachschule-luzern.html,
Shorter University,https://www.bachelorsportal.com/universities/18562/shorter-university.html,
Siam University,https://www.bachelorsportal.com/universities/22161/siam-university.html,
Sichuan University,https://www.bachelorsportal.com/universities/13113/sichuan-university.html,
Siena College,https://www.bachelorsportal.com/universities/16809/siena-college.html,
Sigmund Freud University,https://www.bachelorsportal.com/universities/1853/sigmund-freud-university.html,
Silesian University of Technology,https://www.bachelorsportal.com/universities/1674/silesian-university-of-technology.html,
Simmons University,https://www.bachelorsportal.com/universities/16689/simmons-university.html,
Simon Fraser University,https://www.bachelorsportal.com/universities/11145/simon-fraser-university.html,
Simpson University,https://www.bachelorsportal.com/universities/19132/simpson-university.html,
Singapore Institute of Management,https://www.bachelorsportal.com/universities/23876/singapore-institute-of-management.html,
Singapore Management University,https://www.bachelorsportal.com/universities/12786/singapore-management-university.html,
Singapore University of Social Sciences,https://www.bachelorsportal.com/universities/10754/singapore-university-of-social-sciences.html,
Singapore University of Technology and Design,https://www.bachelorsportal.com/universities/13790/singapore-university-of-technology-and-design.html,
SKEMA Business School,https://www.bachelorsportal.com/universities/798/skema-business-school.html,
Skidmore College,https://www.bachelorsportal.com/universities/16458/skidmore-college.html,
Skolkovo Institute of Science and Technology (Skoltech),https://www.bachelorsportal.com/universities/1881/skolkovo-institute-of-science-and-technology.html,
Slovak University of Technology in Bratislava,https://www.bachelorsportal.com/universities/1361/slovak-university-of-technology-in-bratislava.html,
Smith College,https://www.bachelorsportal.com/universities/14100/smith-college.html,
SMK University of Applied Sciences,https://www.bachelorsportal.com/universities/1832/smk-university-of-applied-sciences.html,
SOAS University of London,https://www.bachelorsportal.com/universities/293/soas-university-of-london.html,"https://storage-prtl-co.imgix.net/endor/organisations/293/images/1750252403_512x512-px-ua-square-logo-dimension_for-resizing-soas.png?fit=fill&fill=solid&fill-color=00FFFFFF&w=48&h=48&auto=format,compress"
Sofia University St.Kliment Ohridski,https://www.bachelorsportal.com/universities/67/sofia-university-stkliment-ohridski.html,
Sogang University,https://www.bachelorsportal.com/universities/20724/sogang-university.html,
Soka University of America,https://www.bachelorsportal.com/universities/17774/soka-university-of-america.html,
SolBridge International School of Business,https://www.bachelorsportal.com/universities/21865/solbridge-international-school-of-business.html,
Solent University,https://www.bachelorsportal.com/universities/276/solent-university.html,
Soonchunhyang University,https://www.bachelorsportal.com/universities/21348/soonchunhyang-university.html,
Sophia University,https://www.bachelorsportal.com/universities/14515/sophia-university.html,
Sopot University of Applied Sciences,https://www.bachelorsportal.com/universities/21292/sopot-university-of-applied-sciences.html,
Sorbonne University Abu Dhabi,https://www.bachelorsportal.com/universities/18157/sorbonne-university-abu-dhabi.html,"https://storage-prtl-co.imgix.net/endor/organisations/18157/images/1736926960_suad_horizontal_english_rgb.png?fit=fill&fill=solid&fill-color=00FFFFFF&w=48&h=48&auto=format,compress"
South African Theological Seminary,https://www.bachelorsportal.com/universities/11569/south-african-theological-seminary.html,
South Carolina State University,https://www.bachelorsportal.com/universities/17563/south-carolina-state-university.html,
South China University of Technology,https://www.bachelorsportal.com/universities/13116/south-china-university-of-technology.html,
South Dakota State University,https://www.bachelorsportal.com/universities/11701/south-dakota-state-university.html,
South East European University,https://www.bachelorsportal.com/universities/18763/south-east-european-university.html,
South East Technological University,https://www.bachelorsportal.com/universities/22594/south-east-technological-university.html,"https://storage-prtl-co.imgix.net/endor/organisations/22594/images/1748346203_setures.png?fit=fill&fill=solid&fill-color=00FFFFFF&w=48&h=48&auto=format,compress"
South Florida Bible College and Theological Seminary,https://www.bachelorsportal.com/universities/18564/south-florida-bible-college-and-theological-seminary.html,
"South University, Tampa",https://www.bachelorsportal.com/universities/18566/south-university-tampa.html,
South Ural State University,https://www.bachelorsportal.com/universities/19310/south-ural-state-university.html,
South Westphalia University of Applied Sciences,https://www.bachelorsportal.com/universities/17637/south-westphalia-university-of-applied-sciences.html,
South-Eastern Finland University of Applied Sciences,https://www.bachelorsportal.com/universities/1007/south-eastern-finland-university-of-applied-sciences.html,"https://storage-prtl-co.imgix.net/endor/organisations/1007/images/1636624658_profiilikuva-xamk-2021.jpg?fit=fill&fill=solid&fill-color=00FFFFFF&w=48&h=48&auto=format,compress"
Southeast Missouri State University,https://www.bachelorsportal.com/universities/17086/southeast-missouri-state-university.html,
Southeast University,https://www.bachelorsportal.com/universities/12420/southeast-university.html,
Southeastern Louisiana University,https://www.bachelorsportal.com/universities/16475/southeastern-louisiana-university.html,
Southeastern University Florida,https://www.bachelorsportal.com/universities/17450/southeastern-university-florida.html,
Southern Alberta Institute of Technology (SAIT),https://www.bachelorsportal.com/universities/20913/southern-alberta-institute-of-technology.html,"https://storage-prtl-co.imgix.net/endor/organisations/20913/images/1721401452_sait_logo_background.png?fit=fill&fill=solid&fill-color=00FFFFFF&w=48&h=48&auto=format,compress"
Southern California Institute of Architecture,https://www.bachelorsportal.com/universities/18569/southern-california-institute-of-architecture.html,
Southern California Seminary,https://www.bachelorsportal.com/universities/18570/southern-california-seminary.html,
Southern California University of Health Sciences (SCU),https://www.bachelorsportal.com/universities/17992/southern-california-university-of-health-sciences.html,
Southern Connecticut State University,https://www.bachelorsportal.com/universities/17048/southern-connecticut-state-university.html,
Southern Cross University,https://www.bachelorsportal.com/universities/11166/southern-cross-university.html,
Southern Illinois University,https://www.bachelorsportal.com/universities/13429/southern-illinois-university.html,
Southern Illinois University Edwardsville,https://www.bachelorsportal.com/universities/14274/southern-illinois-university-edwardsville.html,
Southern Institute of Technology,https://www.bachelorsportal.com/universities/22086/southern-institute-of-technology.html,
Southern Methodist University,https://www.bachelorsportal.com/universities/12394/southern-methodist-university.html,
Southern Nazarene University,https://www.bachelorsportal.com/universities/17661/southern-nazarene-university.html,
Southern New Hampshire University,https://www.bachelorsportal.com/universities/11350/southern-new-hampshire-university.html,"https://storage-prtl-co.imgix.net/endor/organisations/11350/images/1691681148_567750-studyportals-logo.png?fit=fill&fill=solid&fill-color=00FFFFFF&w=48&h=48&auto=format,compress"
Southern Taiwan University of Science and Technology,https://www.bachelorsportal.com/universities/15222/southern-taiwan-university-of-science-and-technology.html,
Southern University and A&M College,https://www.bachelorsportal.com/universities/17217/southern-university-and-am-college.html,
Southern University at New Orleans (SUNO),https://www.bachelorsportal.com/universities/17859/southern-university-at-new-orleans.html,
Southern University of Science and Technology (SUSTech),https://www.bachelorsportal.com/universities/20289/southern-university-of-science-and-technology.html,
Southern Utah University,https://www.bachelorsportal.com/universities/17276/southern-utah-university.html,
Southern Virginia University,https://www.bachelorsportal.com/universities/17955/southern-virginia-university.html,
Southern Wesleyan University,https://www.bachelorsportal.com/universities/17950/southern-wesleyan-university.html,
Southwest Minnesota State University,https://www.bachelorsportal.com/universities/17936/southwest-minnesota-state-university.html,
Southwest University of Science and Technology,https://www.bachelorsportal.com/universities/15710/southwest-university-of-science-and-technology.html,
Southwestern Adventist University,https://www.bachelorsportal.com/universities/18572/southwestern-adventist-university.html,
Southwestern Christian University,https://www.bachelorsportal.com/universities/18573/southwestern-christian-university.html,
Southwestern Oklahoma State University,https://www.bachelorsportal.com/universities/17678/southwestern-oklahoma-state-university.html,
Southwestern University of Finance & Economics,https://www.bachelorsportal.com/universities/14555/southwestern-university-of-finance-economics.html,
Spelman College,https://www.bachelorsportal.com/universities/17369/spelman-college.html,
Springfield College,https://www.bachelorsportal.com/universities/16936/springfield-college.html,
SRH Fernhochschule - The Distance Learning University,https://www.bachelorsportal.com/universities/647/srh-fernhochschule-the-distance-learning-university.html,
SRH Haarlem University of Applied Sciences,https://www.bachelorsportal.com/universities/21198/srh-haarlem-university-of-applied-sciences.html,
SRH University,https://www.bachelorsportal.com/universities/308/srh-university.html,"https://storage-prtl-co.imgix.net/endor/organisations/308/images/1637945375_logo-social-media-bildung.png?fit=fill&fill=solid&fill-color=00FFFFFF&w=48&h=48&auto=format,compress"
SRH University Heidelberg,https://www.bachelorsportal.com/universities/792/srh-university-heidelberg.html,
Sri Lanka Institute of Information Technology,https://www.bachelorsportal.com/universities/20936/sri-lanka-institute-of-information-technology.html,
Sri Venkateswara University,https://www.bachelorsportal.com/universities/20729/sri-venkateswara-university.html,
Srinakharinwirot University,https://www.bachelorsportal.com/universities/14098/srinakharinwirot-university.html,
Sripatum University,https://www.bachelorsportal.com/universities/22167/sripatum-university.html,
St Andrews University,https://www.bachelorsportal.com/universities/18574/st-andrews-university.html,
"St Mary's University, Twickenham, London",https://www.bachelorsportal.com/universities/17728/st-marys-university-twickenham-london.html,
St. Catherine University,https://www.bachelorsportal.com/universities/17691/st-catherine-university.html,
St. Clair College,https://www.bachelorsportal.com/universities/18221/st-clair-college.html,"https://storage-prtl-co.imgix.net/mp/5de0e79f322d.png?fit=fill&fill=solid&fill-color=00FFFFFF&w=48&h=48&auto=format,compress"
St. Edward's University,https://www.bachelorsportal.com/universities/17271/st-edwards-university.html,
St. Elizabeth College of Health and Social Work,https://www.bachelorsportal.com/universities/18793/st-elizabeth-college-of-health-and-social-work.html,
St. Francis College,https://www.bachelorsportal.com/universities/18588/st-francis-college.html,
St. George's University,https://www.bachelorsportal.com/universities/14669/st-georges-university.html,
St. John’s Seminary,https://www.bachelorsportal.com/universities/18542/st-johns-seminary.html,
St. John's University,https://www.bachelorsportal.com/universities/9291/st-johns-university.html,
St. Lawrence College,https://www.bachelorsportal.com/universities/19017/st-lawrence-college.html,"https://storage-prtl-co.imgix.net/endor/organisations/19017/images/1733194616_studyportal-24-25-slclogo-2colour.png?fit=fill&fill=solid&fill-color=00FFFFFF&w=48&h=48&auto=format,compress"
St. Lawrence University,https://www.bachelorsportal.com/universities/17044/st-lawrence-university.html,
St. Thomas Aquinas College,https://www.bachelorsportal.com/universities/18020/st-thomas-aquinas-college.html,
St. Thomas University,https://www.bachelorsportal.com/universities/17594/st-thomas-university.html,
Stanford University,https://www.bachelorsportal.com/universities/11778/stanford-university.html,
Stanmore School of Business,https://www.bachelorsportal.com/universities/17367/stanmore-school-of-business.html,
State University of New York at Geneseo,https://www.bachelorsportal.com/universities/17375/state-university-of-new-york-at-geneseo.html,
State University of New York at New Paltz,https://www.bachelorsportal.com/universities/16855/state-university-of-new-york-at-new-paltz.html,
State University of New York at Oswego,https://www.bachelorsportal.com/universities/16790/state-university-of-new-york-at-oswego.html,
State University of New York Fredonia,https://www.bachelorsportal.com/universities/17328/state-university-of-new-york-fredonia.html,
State University of New York Health Science Center at Brooklyn,https://www.bachelorsportal.com/universities/13117/state-university-of-new-york-health-science-center-at-brooklyn.html,
State University of New York Plattsburgh,https://www.bachelorsportal.com/universities/17347/state-university-of-new-york-plattsburgh.html,
State University of New York Polytechnic Institute,https://www.bachelorsportal.com/universities/18582/state-university-of-new-york-polytechnic-institute.html,
State University of New York Potsdam,https://www.bachelorsportal.com/universities/12908/state-university-of-new-york-potsdam.html,
Stellenbosch University,https://www.bachelorsportal.com/universities/12413/stellenbosch-university.html,
Stephen F. Austin State University,https://www.bachelorsportal.com/universities/17160/stephen-f-austin-state-university.html,
Sterling College,https://www.bachelorsportal.com/universities/22115/sterling-college.html,
Stetson University,https://www.bachelorsportal.com/universities/11552/stetson-university.html,
Stevens Institute of Technology,https://www.bachelorsportal.com/universities/12110/stevens-institute-of-technology.html,
Stevenson University,https://www.bachelorsportal.com/universities/17870/stevenson-university.html,
Stockholm School of Economics,https://www.bachelorsportal.com/universities/4/stockholm-school-of-economics.html,
Stockholm University,https://www.bachelorsportal.com/universities/5/stockholm-university.html,
Stockholm University of Arts,https://www.bachelorsportal.com/universities/1623/stockholm-university-of-arts.html,
Stockton University,https://www.bachelorsportal.com/universities/16527/stockton-university.html,
Stony Brook University,https://www.bachelorsportal.com/universities/12383/stony-brook-university.html,
Strathclyde Business School,https://www.bachelorsportal.com/universities/14025/strathclyde-business-school.html,
Strayer University,https://www.bachelorsportal.com/universities/18575/strayer-university.html,
Stuttgart Media University (HdM),https://www.bachelorsportal.com/universities/17767/stuttgart-media-university.html,
Suffolk University,https://www.bachelorsportal.com/universities/12219/suffolk-university.html,
SUM Bible College and Theological Seminary,https://www.bachelorsportal.com/universities/18577/sum-bible-college-and-theological-seminary.html,
Sungkyunkwan University,https://www.bachelorsportal.com/universities/13118/sungkyunkwan-university.html,
Sunway University,https://www.bachelorsportal.com/universities/21194/sunway-university.html,"https://storage-prtl-co.imgix.net/endor/organisations/21194/images/1700593976_high-quality-organisation-logo-transparent-512-x-512.png?fit=fill&fill=solid&fill-color=00FFFFFF&w=48&h=48&auto=format,compress"
SUNY - College of Environmental Science and Forestry,https://www.bachelorsportal.com/universities/12395/suny-college-of-environmental-science-and-forestry.html,
Suny Cortland,https://www.bachelorsportal.com/universities/16924/suny-cortland.html,
SUNY Empire State College,https://www.bachelorsportal.com/universities/10759/suny-empire-state-college.html,
SUNY Korea,https://www.bachelorsportal.com/universities/24343/suny-korea.html,
SUNY Maritime College,https://www.bachelorsportal.com/universities/16149/suny-maritime-college.html,
SUNY Old Westbury,https://www.bachelorsportal.com/universities/17923/suny-old-westbury.html,
SUNY Oneonta College,https://www.bachelorsportal.com/universities/17432/suny-oneonta-college.html,
SupBiotech Paris,https://www.bachelorsportal.com/universities/24266/supbiotech-paris.html,
Suzhou Centennial College,https://www.bachelorsportal.com/universities/17240/suzhou-centennial-college.html,
Swansea University,https://www.bachelorsportal.com/universities/145/swansea-university.html,
Swarthmore College,https://www.bachelorsportal.com/universities/14212/swarthmore-college.html,
Swedish University of Agricultural Sciences,https://www.bachelorsportal.com/universities/172/swedish-university-of-agricultural-sciences.html,
Swinburne Online,https://www.bachelorsportal.com/universities/18643/swinburne-online.html,
Swinburne University of Technology,https://www.bachelorsportal.com/universities/11999/swinburne-university-of-technology.html,
Swiss Hotel Management School (SHMS),https://www.bachelorsportal.com/universities/477/swiss-hotel-management-school.html,
Swiss Management Center,https://www.bachelorsportal.com/universities/22190/swiss-management-center.html,
Swiss School Of Business and Management,https://www.bachelorsportal.com/universities/19795/swiss-school-of-business-and-management.html,"https://storage-prtl-co.imgix.net/mp/5de0e7eb2395.png?fit=fill&fill=solid&fill-color=00FFFFFF&w=48&h=48&auto=format,compress"
Swiss School of Business Research,https://www.bachelorsportal.com/universities/20209/swiss-school-of-business-research.html,
Swiss School of Higher Education,https://www.bachelorsportal.com/universities/19555/swiss-school-of-higher-education.html,"https://storage-prtl-co.imgix.net/mp/5de0e7dd9db2.png?fit=fill&fill=solid&fill-color=00FFFFFF&w=48&h=48&auto=format,compress"
Swiss School of Management Barcelona,https://www.bachelorsportal.com/universities/22044/swiss-school-of-management-barcelona.html,"https://storage-prtl-co.imgix.net/endor/organisations/22044/images/1761305683_ssm-rome-logo-big.png?fit=fill&fill=solid&fill-color=00FFFFFF&w=48&h=48&auto=format,compress"
Swiss School of Management Brescia and Milan,https://www.bachelorsportal.com/universities/23965/swiss-school-of-management-brescia-and-milan.html,"https://storage-prtl-co.imgix.net/endor/organisations/23965/images/1739436227_ssm-2_512x512-px-ua-logo-dimension_for-resizing.png?fit=fill&fill=solid&fill-color=00FFFFFF&w=48&h=48&auto=format,compress"
Swiss School of Management Madrid,https://www.bachelorsportal.com/universities/23966/swiss-school-of-management-madrid.html,"https://storage-prtl-co.imgix.net/endor/organisations/23966/images/1739436247_ssm-2_512x512-px-ua-logo-dimension_for-resizing.png?fit=fill&fill=solid&fill-color=00FFFFFF&w=48&h=48&auto=format,compress"
Swiss School of Management Rome,https://www.bachelorsportal.com/universities/23967/swiss-school-of-management-rome.html,"https://storage-prtl-co.imgix.net/endor/organisations/23967/images/1749808431_ssm-rome-logo-big.png?fit=fill&fill=solid&fill-color=00FFFFFF&w=48&h=48&auto=format,compress"
SWPS University,https://www.bachelorsportal.com/universities/1463/swps-university.html,
Sydney Design School,https://www.bachelorsportal.com/universities/24213/sydney-design-school.html,
Sydney International School of Technology and Commerce,https://www.bachelorsportal.com/universities/22109/sydney-international-school-of-technology-and-commerce.html,
Symbiosis International University,https://www.bachelorsportal.com/universities/20945/symbiosis-international-university.html,
Syracuse University,https://www.bachelorsportal.com/universities/12201/syracuse-university.html,
Tabor College,https://www.bachelorsportal.com/universities/18583/tabor-college.html,
TALK Schools,https://www.bachelorsportal.com/universities/23277/talk-schools.html,
Tallinn University,https://www.bachelorsportal.com/universities/175/tallinn-university.html,"https://storage-prtl-co.imgix.net/mp/5de0e7711be7.png?fit=fill&fill=solid&fill-color=00FFFFFF&w=48&h=48&auto=format,compress"
Tampere University,https://www.bachelorsportal.com/universities/19116/tampere-university.html,
Tampere University of Applied Sciences,https://www.bachelorsportal.com/universities/19410/tampere-university-of-applied-sciences.html,"https://storage-prtl-co.imgix.net/mp/5de0e7d28f1a.png?fit=fill&fill=solid&fill-color=00FFFFFF&w=48&h=48&auto=format,compress"
Tanta University,https://www.bachelorsportal.com/universities/21466/tanta-university.html,
Taras Shevchenko National University of Kyiv,https://www.bachelorsportal.com/universities/819/taras-shevchenko-national-university-of-kyiv.html,
Tarleton State University,https://www.bachelorsportal.com/universities/16215/tarleton-state-university.html,
Taylor University,https://www.bachelorsportal.com/universities/16980/taylor-university.html,
Taylor's University,https://www.bachelorsportal.com/universities/18660/taylors-university.html,
TBS Education,https://www.bachelorsportal.com/universities/634/tbs-education.html,"https://storage-prtl-co.imgix.net/endor/organisations/634/images/1638349270_1613552752_1-logo-tbs-education-rond-cmjn-fond-rouge-2020.png?fit=fill&fill=solid&fill-color=00FFFFFF&w=48&h=48&auto=format,compress"
Team Academy,https://www.bachelorsportal.com/universities/9268/team-academy.html,
Technical University of Applied Sciences Wildau,https://www.bachelorsportal.com/universities/571/technical-university-of-applied-sciences-wildau.html,
Technical University of Cluj-Napoca,https://www.bachelorsportal.com/universities/636/technical-university-of-cluj-napoca.html,
Technical University of Leoben,https://www.bachelorsportal.com/universities/1059/technical-university-of-leoben.html,"https://storage-prtl-co.imgix.net/endor/organisations/1059/images/1749717737_untitled-design-13.png?fit=fill&fill=solid&fill-color=00FFFFFF&w=48&h=48&auto=format,compress"
Technical University of Liberec,https://www.bachelorsportal.com/universities/380/technical-university-of-liberec.html,
Technical University of Malaysia Melaka,https://www.bachelorsportal.com/universities/20712/technical-university-of-malaysia-melaka.html,
Technical University of Munich,https://www.bachelorsportal.com/universities/41/technical-university-of-munich.html,
Technical University of Sofia,https://www.bachelorsportal.com/universities/21349/technical-university-of-sofia.html,
"Technische Hochschule Ingolstadt, THI",https://www.bachelorsportal.com/universities/366/technische-hochschule-ingolstadt-thi.html,
Technische Hochschule Mannheim - Technical University of Applied Sciences Mannheim,https://www.bachelorsportal.com/universities/17787/technische-hochschule-mannheim-technical-university-of-applied-sciences-mannheim.html,"https://storage-prtl-co.imgix.net/endor/organisations/17787/images/1743494802_th_mannheim_minilogo_rgb_kreis_blau.png?fit=fill&fill=solid&fill-color=00FFFFFF&w=48&h=48&auto=format,compress"
Technische Hochschule Nürnberg,https://www.bachelorsportal.com/universities/555/technische-hochschule-nrnberg.html,
Technological University Dublin,https://www.bachelorsportal.com/universities/127/technological-university-dublin.html,
Technological University of the Shannon,https://www.bachelorsportal.com/universities/21264/technological-university-of-the-shannon.html,"https://storage-prtl-co.imgix.net/endor/organisations/21264/images/1756290804_thumbnail_logo-2.png?fit=fill&fill=solid&fill-color=00FFFFFF&w=48&h=48&auto=format,compress"
Tecnológico de Monterrey,https://www.bachelorsportal.com/universities/10777/tecnolgico-de-monterrey.html,
TED University,https://www.bachelorsportal.com/universities/1797/ted-university.html,
TEDI-London,https://www.bachelorsportal.com/universities/21015/tedi-london.html,
Teesside University,https://www.bachelorsportal.com/universities/520/teesside-university.html,"https://storage-prtl-co.imgix.net/mp/5de0e875a72b.png?fit=fill&fill=solid&fill-color=00FFFFFF&w=48&h=48&auto=format,compress"
Teesside University London,https://www.bachelorsportal.com/universities/24089/teesside-university-london.html,
Tehran University of Medical Sciences (TUMS),https://www.bachelorsportal.com/universities/12906/tehran-university-of-medical-sciences.html,
Tel Aviv University,https://www.bachelorsportal.com/universities/1069/tel-aviv-university.html,
Temple University,https://www.bachelorsportal.com/universities/12217/temple-university.html,
Temple University – Japan Campus,https://www.bachelorsportal.com/universities/20109/temple-university-japan-campus.html,"https://storage-prtl-co.imgix.net/endor/organisations/20109/logos/sq-20109.png?fit=fill&fill=solid&fill-color=00FFFFFF&w=48&h=48&auto=format,compress"
Tennessee State University,https://www.bachelorsportal.com/universities/16298/tennessee-state-university.html,
Tennessee Tech University,https://www.bachelorsportal.com/universities/15443/tennessee-tech-university.html,
Tennessee Wesleyan University,https://www.bachelorsportal.com/universities/18589/tennessee-wesleyan-university.html,
Ternopil Ivan Puluj National Technical University,https://www.bachelorsportal.com/universities/21565/ternopil-ivan-puluj-national-technical-university.html,
Texas A&M International University,https://www.bachelorsportal.com/universities/17041/texas-am-international-university.html,"https://storage-prtl-co.imgix.net/endor/organisations/17041/logos/sq-17041.png?fit=fill&fill=solid&fill-color=00FFFFFF&w=48&h=48&auto=format,compress"
Texas A&M San Antonio,https://www.bachelorsportal.com/universities/19971/texas-am-san-antonio.html,
Texas A&M Texarkana,https://www.bachelorsportal.com/universities/19940/texas-am-texarkana.html,
Texas A&M University - Kingsville,https://www.bachelorsportal.com/universities/17120/texas-am-university-kingsville.html,
Texas A&M University - Victoria,https://www.bachelorsportal.com/universities/16672/texas-am-university-victoria.html,
Texas A&M University at Galveston,https://www.bachelorsportal.com/universities/17046/texas-am-university-at-galveston.html,
Texas A&M University Central Texas,https://www.bachelorsportal.com/universities/19975/texas-am-university-central-texas.html,
Texas A&M University-Corpus Christi,https://www.bachelorsportal.com/universities/14172/texas-am-university-corpus-christi.html,
Texas A&M University–Commerce,https://www.bachelorsportal.com/universities/23774/texas-am-university-commerce.html,
Texas Christian University,https://www.bachelorsportal.com/universities/12400/texas-christian-university.html,
Texas State University,https://www.bachelorsportal.com/universities/14186/texas-state-university.html,
Texas Tech University,https://www.bachelorsportal.com/universities/12266/texas-tech-university.html,
Texas Tech University Health Sciences Center,https://www.bachelorsportal.com/universities/15367/texas-tech-university-health-sciences-center.html,
Texas Wesleyan University,https://www.bachelorsportal.com/universities/17362/texas-wesleyan-university.html,
Texas Woman's University,https://www.bachelorsportal.com/universities/16520/texas-womans-university.html,
TH Köln (University of Applied Sciences),https://www.bachelorsportal.com/universities/547/th-kln.html,
Thammasat University,https://www.bachelorsportal.com/universities/14110/thammasat-university.html,
Thapar Institute of Engineering and Technology,https://www.bachelorsportal.com/universities/17212/thapar-institute-of-engineering-and-technology.html,
The Aga Khan University,https://www.bachelorsportal.com/universities/17125/the-aga-khan-university.html,
The American Business School of Paris,https://www.bachelorsportal.com/universities/1299/the-american-business-school-of-paris.html,
The American College of the Mediterranean,https://www.bachelorsportal.com/universities/23116/the-american-college-of-the-mediterranean.html,
The American University in Cairo,https://www.bachelorsportal.com/universities/12369/the-american-university-in-cairo.html,
The American University of Paris,https://www.bachelorsportal.com/universities/229/the-american-university-of-paris.html,
The American University of Rome,https://www.bachelorsportal.com/universities/1312/the-american-university-of-rome.html,
The Brandenburg University of Technology Cottbus -  Senftenberg,https://www.bachelorsportal.com/universities/200/the-brandenburg-university-of-technology-cottbus-senftenberg.html,
The British University in Dubai,https://www.bachelorsportal.com/universities/22211/the-british-university-in-dubai.html,
The Cairnmillar Institute,https://www.bachelorsportal.com/universities/24166/the-cairnmillar-institute.html,
The Catholic University of Eichstätt-Ingolstadt,https://www.bachelorsportal.com/universities/17109/the-catholic-university-of-eichsttt-ingolstadt.html,
The Centenary College of Louisiana,https://www.bachelorsportal.com/universities/17779/the-centenary-college-of-louisiana.html,
The Chicago School,https://www.bachelorsportal.com/universities/11412/the-chicago-school.html,"https://storage-prtl-co.imgix.net/endor/organisations/11412/logos/sq-11412.png?fit=fill&fill=solid&fill-color=00FFFFFF&w=48&h=48&auto=format,compress"
The Chinese University of Hong Kong,https://www.bachelorsportal.com/universities/12409/the-chinese-university-of-hong-kong.html,
The Citadel - The Military College of South Carolina,https://www.bachelorsportal.com/universities/17509/the-citadel-the-military-college-of-south-carolina.html,
The City University of New York,https://www.bachelorsportal.com/universities/11937/the-city-university-of-new-york.html,
The Colburn Conservatory of Music,https://www.bachelorsportal.com/universities/18708/the-colburn-conservatory-of-music.html,
The Courtauld Institute of Art,https://www.bachelorsportal.com/universities/1860/the-courtauld-institute-of-art.html,
The Da Vinci Business School,https://www.bachelorsportal.com/universities/21703/the-da-vinci-business-school.html,
The Education University of Hong Kong (EdUHK),https://www.bachelorsportal.com/universities/15389/the-education-university-of-hong-kong.html,
The Emirates Academy of Hospitality Management,https://www.bachelorsportal.com/universities/15309/the-emirates-academy-of-hospitality-management.html,
The Glasgow School of Art,https://www.bachelorsportal.com/universities/735/the-glasgow-school-of-art.html,"https://storage-prtl-co.imgix.net/endor/organisations/735/logos/sq-735.png?fit=fill&fill=solid&fill-color=00FFFFFF&w=48&h=48&auto=format,compress"
The Hague University of Applied Sciences,https://www.bachelorsportal.com/universities/94/the-hague-university-of-applied-sciences.html,"https://storage-prtl-co.imgix.net/endor/organisations/94/logos/sq-94.png?fit=fill&fill=solid&fill-color=00FFFFFF&w=48&h=48&auto=format,compress"
The Hang Seng University of Hong Kong (HSUHK),https://www.bachelorsportal.com/universities/22105/the-hang-seng-university-of-hong-kong.html,
The Hebrew University of Jerusalem,https://www.bachelorsportal.com/universities/9466/the-hebrew-university-of-jerusalem.html,"https://storage-prtl-co.imgix.net/mp/5de0e90085a1.png?fit=fill&fill=solid&fill-color=00FFFFFF&w=48&h=48&auto=format,compress"
The Hong Kong Polytechnic University,https://www.bachelorsportal.com/universities/16758/the-hong-kong-polytechnic-university.html,
The Hong Kong University of Science and Technology,https://www.bachelorsportal.com/universities/11733/the-hong-kong-university-of-science-and-technology.html,"https://storage-prtl-co.imgix.net/mp/5de0e60bbef9.png?fit=fill&fill=solid&fill-color=00FFFFFF&w=48&h=48&auto=format,compress"
The Independent Institute of Education,https://www.bachelorsportal.com/universities/22216/the-independent-institute-of-education.html,
The Italian Academy,https://www.bachelorsportal.com/universities/23902/the-italian-academy.html,
The Juilliard School,https://www.bachelorsportal.com/universities/18610/the-juilliard-school.html,
The King's University,https://www.bachelorsportal.com/universities/17953/the-kings-university.html,
The Liverpool Institute for Performing Arts (LIPA),https://www.bachelorsportal.com/universities/21910/the-liverpool-institute-for-performing-arts.html,
The London Interdisciplinary School,https://www.bachelorsportal.com/universities/22000/the-london-interdisciplinary-school.html,
The Management College of Southern Africa (MANCOSA),https://www.bachelorsportal.com/universities/19180/the-management-college-of-southern-africa.html,
The Master's Seminary,https://www.bachelorsportal.com/universities/18611/the-masters-seminary.html,
The Master's University,https://www.bachelorsportal.com/universities/18612/the-masters-university.html,
The New School,https://www.bachelorsportal.com/universities/12074/the-new-school.html,
The Ohio State University,https://www.bachelorsportal.com/universities/11757/the-ohio-state-university.html,
The Open University UK,https://www.bachelorsportal.com/universities/1865/the-open-university-uk.html,"https://storage-prtl-co.imgix.net/mp/5de0e7b0553f.png?fit=fill&fill=solid&fill-color=00FFFFFF&w=48&h=48&auto=format,compress"
The Polytechnic of Guarda,https://www.bachelorsportal.com/universities/16462/the-polytechnic-of-guarda.html,
The Public University of Navarre,https://www.bachelorsportal.com/universities/17267/the-public-university-of-navarre.html,
The Royal Central School of Speech and Drama,https://www.bachelorsportal.com/universities/15739/the-royal-central-school-of-speech-and-drama.html,
The School of Management,https://www.bachelorsportal.com/universities/24383/the-school-of-management.html,
The Scottish Association for Marine Science (SAMS),https://www.bachelorsportal.com/universities/12418/the-scottish-association-for-marine-science.html,
"The University for Information Science and Technology ""St. Paul The Apostle"" - UIST",https://www.bachelorsportal.com/universities/18773/the-university-for-information-science-and-technology-st-paul-the-apostle-uist.html,
The University for the Creative Arts,https://www.bachelorsportal.com/universities/670/the-university-for-the-creative-arts.html,"https://storage-prtl-co.imgix.net/endor/organisations/670/images/1759130591_thumbnail_250912_logo_pmax_prospecting_1200_1200_logo_01.jpg?fit=fill&fill=solid&fill-color=00FFFFFF&w=48&h=48&auto=format,compress"
The University of Akron,https://www.bachelorsportal.com/universities/13583/the-university-of-akron.html,
The University of Alabama,https://www.bachelorsportal.com/universities/11414/the-university-of-alabama.html,
The University of Alabama at Birmingham,https://www.bachelorsportal.com/universities/11545/the-university-of-alabama-at-birmingham.html,
The University of Applied Sciences of the Grisons,https://www.bachelorsportal.com/universities/949/the-university-of-applied-sciences-of-the-grisons.html,
The University of Arizona,https://www.bachelorsportal.com/universities/20084/the-university-of-arizona.html,
The University of Edinburgh,https://www.bachelorsportal.com/universities/43/the-university-of-edinburgh.html,"https://storage-prtl-co.imgix.net/endor/organisations/43/images/1667994854_university-of-edinburgh-logo.jpg?fit=fill&fill=solid&fill-color=00FFFFFF&w=48&h=48&auto=format,compress"
The University of Exeter,https://www.bachelorsportal.com/universities/302/the-university-of-exeter.html,"https://storage-prtl-co.imgix.net/endor/organisations/302/images/1664959856_portrait.png?fit=fill&fill=solid&fill-color=00FFFFFF&w=48&h=48&auto=format,compress"
The University of Hong Kong,https://www.bachelorsportal.com/universities/11787/the-university-of-hong-kong.html,
The University of Iowa,https://www.bachelorsportal.com/universities/12330/the-university-of-iowa.html,
The University of Jordan (UJ),https://www.bachelorsportal.com/universities/20570/the-university-of-jordan.html,
The University of Lahore,https://www.bachelorsportal.com/universities/21444/the-university-of-lahore.html,
The University of Lancashire,https://www.bachelorsportal.com/universities/217/the-university-of-lancashire.html,"https://storage-prtl-co.imgix.net/endor/organisations/217/images/1756716153_uclan-logo.png?fit=fill&fill=solid&fill-color=00FFFFFF&w=48&h=48&auto=format,compress"
The University of Law,https://www.bachelorsportal.com/universities/1888/the-university-of-law.html,
The University of Law Business School,https://www.bachelorsportal.com/universities/14017/the-university-of-law-business-school.html,
The University of Maine,https://www.bachelorsportal.com/universities/12506/the-university-of-maine.html,
The University of Manchester,https://www.bachelorsportal.com/universities/255/the-university-of-manchester.html,
The University of Milan,https://www.bachelorsportal.com/universities/1326/the-university-of-milan.html,
The University of Montana,https://www.bachelorsportal.com/universities/13120/the-university-of-montana.html,
The University of New Mexico,https://www.bachelorsportal.com/universities/12063/the-university-of-new-mexico.html,
The University of North Carolina at Charlotte,https://www.bachelorsportal.com/universities/12106/the-university-of-north-carolina-at-charlotte.html,
The University Of Nottingham Malaysia,https://www.bachelorsportal.com/universities/1296/the-university-of-nottingham-malaysia.html,
The University of St. Thomas (UST),https://www.bachelorsportal.com/universities/17929/the-university-of-st-thomas.html,
The University of Sydney,https://www.bachelorsportal.com/universities/11737/the-university-of-sydney.html,"https://storage-prtl-co.imgix.net/endor/organisations/11737/images/1752074847_uos-cmyk-stacked-logo-mono.jpg?fit=fill&fill=solid&fill-color=00FFFFFF&w=48&h=48&auto=format,compress"
The University of Tampa,https://www.bachelorsportal.com/universities/17139/the-university-of-tampa.html,
The University of Tennessee at Chattanooga,https://www.bachelorsportal.com/universities/15157/the-university-of-tennessee-at-chattanooga.html,
The University of Texas at Arlington,https://www.bachelorsportal.com/universities/12168/the-university-of-texas-at-arlington.html,"https://storage-prtl-co.imgix.net/mp/5de0e65cde35.png?fit=fill&fill=solid&fill-color=00FFFFFF&w=48&h=48&auto=format,compress"
The University of Texas at San Antonio,https://www.bachelorsportal.com/universities/13122/the-university-of-texas-at-san-antonio.html,
The University of Texas at Tyler,https://www.bachelorsportal.com/universities/17093/the-university-of-texas-at-tyler.html,
The University of Texas Health Science Center at Houston,https://www.bachelorsportal.com/universities/14060/the-university-of-texas-health-science-center-at-houston.html,
The University of Texas M. D. Anderson Cancer Center,https://www.bachelorsportal.com/universities/13124/the-university-of-texas-m-d-anderson-cancer-center.html,
The University of Texas Medical Branch at Galveston,https://www.bachelorsportal.com/universities/13125/the-university-of-texas-medical-branch-at-galveston.html,
The University of Texas Rio Grande Valley,https://www.bachelorsportal.com/universities/17008/the-university-of-texas-rio-grande-valley.html,
The University of the Dutch Caribbean,https://www.bachelorsportal.com/universities/17769/the-university-of-the-dutch-caribbean.html,
The University of the West Indies,https://www.bachelorsportal.com/universities/10768/the-university-of-the-west-indies.html,
The University of Tokyo,https://www.bachelorsportal.com/universities/11796/the-university-of-tokyo.html,
The University of Vermont,https://www.bachelorsportal.com/universities/11464/the-university-of-vermont.html,
The University of Wales Trinity Saint David,https://www.bachelorsportal.com/universities/438/the-university-of-wales-trinity-saint-david.html,
The University of Western Australia,https://www.bachelorsportal.com/universities/11798/the-university-of-western-australia.html,
The University of Winchester,https://www.bachelorsportal.com/universities/251/the-university-of-winchester.html,
THIM University,https://www.bachelorsportal.com/universities/24139/thim-university.html,
Thomas Jefferson University,https://www.bachelorsportal.com/universities/15569/thomas-jefferson-university.html,
Thomas More,https://www.bachelorsportal.com/universities/16303/thomas-more.html,
Thompson Rivers University,https://www.bachelorsportal.com/universities/10769/thompson-rivers-university.html,"https://storage-prtl-co.imgix.net/mp/5de0e5ae72f1.png?fit=fill&fill=solid&fill-color=00FFFFFF&w=48&h=48&auto=format,compress"
Tiangong University,https://www.bachelorsportal.com/universities/14558/tiangong-university.html,
Tianjin University of Technology,https://www.bachelorsportal.com/universities/20496/tianjin-university-of-technology.html,
Tiffin University,https://www.bachelorsportal.com/universities/18615/tiffin-university.html,
Tilburg University,https://www.bachelorsportal.com/universities/80/tilburg-university.html,"https://storage-prtl-co.imgix.net/mp/5de0e8c959db.png?fit=fill&fill=solid&fill-color=00FFFFFF&w=48&h=48&auto=format,compress"
Tio Business School,https://www.bachelorsportal.com/universities/15592/tio-business-school.html,
Tohoku University,https://www.bachelorsportal.com/universities/12396/tohoku-university.html,
Toi Ohomai Institute of Technology,https://www.bachelorsportal.com/universities/22047/toi-ohomai-institute-of-technology.html,
TOI Whakaari New Zealand Drama School,https://www.bachelorsportal.com/universities/22050/toi-whakaari-new-zealand-drama-school.html,
Tokat Gaziosmanpasa University,https://www.bachelorsportal.com/universities/21314/tokat-gaziosmanpasa-university.html,
Tokyo Institute of Technology,https://www.bachelorsportal.com/universities/13128/tokyo-institute-of-technology.html,
Tokyo Metropolitan University,https://www.bachelorsportal.com/universities/20563/tokyo-metropolitan-university.html,
Tomas Bata University in Zlín,https://www.bachelorsportal.com/universities/534/tomas-bata-university-in-zln.html,
Tomorrow University of Applied Sciences,https://www.bachelorsportal.com/universities/21326/tomorrow-university-of-applied-sciences.html,
Tomsk State University,https://www.bachelorsportal.com/universities/14522/tomsk-state-university.html,
Ton Duc Thang University,https://www.bachelorsportal.com/universities/21363/ton-duc-thang-university.html,
Tongji University,https://www.bachelorsportal.com/universities/12392/tongji-university.html,
Tor Vergata University of Rome,https://www.bachelorsportal.com/universities/902/tor-vergata-university-of-rome.html,
Toronto Film School,https://www.bachelorsportal.com/universities/13421/toronto-film-school.html,"https://storage-prtl-co.imgix.net/mp/5de0e6bce3d7.png?fit=fill&fill=solid&fill-color=00FFFFFF&w=48&h=48&auto=format,compress"
Toronto Metropolitan University,https://www.bachelorsportal.com/universities/13549/toronto-metropolitan-university.html,"https://storage-prtl-co.imgix.net/endor/organisations/13549/images/1665450188_tmu-social-rgb-1667x1667.jpg.jpg?fit=fill&fill=solid&fill-color=00FFFFFF&w=48&h=48&auto=format,compress"
Toronto School of Management (TSoM),https://www.bachelorsportal.com/universities/18017/toronto-school-of-management.html,
Torrens University Australia,https://www.bachelorsportal.com/universities/18986/torrens-university-australia.html,
Toulouse 1 Capitole University,https://www.bachelorsportal.com/universities/17261/toulouse-1-capitole-university.html,
Toulouse School of Management (TSM),https://www.bachelorsportal.com/universities/1803/toulouse-school-of-management.html,
Touro University,https://www.bachelorsportal.com/universities/17785/touro-university.html,
Towson University,https://www.bachelorsportal.com/universities/14953/towson-university.html,
Transilvania University of Brasov,https://www.bachelorsportal.com/universities/21352/transilvania-university-of-brasov.html,
Transport and Telecommunication Institute,https://www.bachelorsportal.com/universities/881/transport-and-telecommunication-institute.html,
Transylvania University,https://www.bachelorsportal.com/universities/17868/transylvania-university.html,
Trebas Institute Quebec Inc.,https://www.bachelorsportal.com/universities/20198/trebas-institute-quebec-inc.html,
Trent University,https://www.bachelorsportal.com/universities/14715/trent-university.html,"https://storage-prtl-co.imgix.net/endor/organisations/14715/logos/sq-14715.png?fit=fill&fill=solid&fill-color=00FFFFFF&w=48&h=48&auto=format,compress"
Trier University of Applied Sciences,https://www.bachelorsportal.com/universities/18325/trier-university-of-applied-sciences.html,
Trine University,https://www.bachelorsportal.com/universities/18190/trine-university.html,"https://storage-prtl-co.imgix.net/endor/organisations/18190/logos/sq-18190.png?fit=fill&fill=solid&fill-color=00FFFFFF&w=48&h=48&auto=format,compress"
Trinity College,https://www.bachelorsportal.com/universities/16916/trinity-college.html,
Trinity College Dublin,https://www.bachelorsportal.com/universities/73/trinity-college-dublin.html,
Trinity University San Antonio,https://www.bachelorsportal.com/universities/14231/trinity-university-san-antonio.html,
Troy University,https://www.bachelorsportal.com/universities/17597/troy-university.html,
Truman State University,https://www.bachelorsportal.com/universities/16685/truman-state-university.html,
Tshwane University of Technology,https://www.bachelorsportal.com/universities/20927/tshwane-university-of-technology.html,
Tufts University,https://www.bachelorsportal.com/universities/11805/tufts-university.html,
Tung Wah College,https://www.bachelorsportal.com/universities/22110/tung-wah-college.html,
Turan International University,https://www.bachelorsportal.com/universities/24388/turan-international-university.html,
Turiba University,https://www.bachelorsportal.com/universities/1472/turiba-university.html,"https://storage-prtl-co.imgix.net/endor/organisations/1472/logos/sq-1472.png?fit=fill&fill=solid&fill-color=00FFFFFF&w=48&h=48&auto=format,compress"
Turku University of Applied Sciences (TUAS),https://www.bachelorsportal.com/universities/1519/turku-university-of-applied-sciences.html,
UBI Business School,https://www.bachelorsportal.com/universities/13066/ubi-business-school.html,
UBIS,https://www.bachelorsportal.com/universities/1151/ubis.html,
UCAM - Catholic University of Murcia,https://www.bachelorsportal.com/universities/9209/ucam-catholic-university-of-murcia.html,"https://storage-prtl-co.imgix.net/endor/organisations/9209/images/1635516059_untitled-design.png?fit=fill&fill=solid&fill-color=00FFFFFF&w=48&h=48&auto=format,compress"
UCFB x GIS,https://www.bachelorsportal.com/universities/13034/ucfb-x-gis.html,
UCL,https://www.bachelorsportal.com/universities/271/ucl.html,"https://storage-prtl-co.imgix.net/mp/5de0e80a9062.png?fit=fill&fill=solid&fill-color=00FFFFFF&w=48&h=48&auto=format,compress"
UCLan Cyprus,https://www.bachelorsportal.com/universities/19241/uclan-cyprus.html,
UCLL University of Applied Sciences,https://www.bachelorsportal.com/universities/9204/ucll-university-of-applied-sciences.html,
UCLouvain,https://www.bachelorsportal.com/universities/941/uclouvain.html,
UCSI University,https://www.bachelorsportal.com/universities/21317/ucsi-university.html,
UIC Barcelona,https://www.bachelorsportal.com/universities/1320/uic-barcelona.html,
Ukrainian-American Concordia University,https://www.bachelorsportal.com/universities/21540/ukrainian-american-concordia-university.html,
Ulsan National Institute of Science and Technology,https://www.bachelorsportal.com/universities/17231/ulsan-national-institute-of-science-and-technology.html,
Ulster University,https://www.bachelorsportal.com/universities/1409/ulster-university.html,"https://storage-prtl-co.imgix.net/mp/5de0e6d7a49b.png?fit=fill&fill=solid&fill-color=00FFFFFF&w=48&h=48&auto=format,compress"
Uludag University,https://www.bachelorsportal.com/universities/15416/uludag-university.html,
Umea University,https://www.bachelorsportal.com/universities/12/umea-university.html,
Unicaf - Malawi,https://www.bachelorsportal.com/universities/21816/unicaf-malawi.html,
Unicaf - University of Suffolk,https://www.bachelorsportal.com/universities/21819/unicaf-university-of-suffolk.html,
Unicaf - Zambia,https://www.bachelorsportal.com/universities/21820/unicaf-zambia.html,
UniLaSalle,https://www.bachelorsportal.com/universities/16293/unilasalle.html,
Union College,https://www.bachelorsportal.com/universities/17341/union-college.html,
Union College Lincoln NE,https://www.bachelorsportal.com/universities/17507/union-college-lincoln-ne.html,
Union University,https://www.bachelorsportal.com/universities/22076/union-university.html,
Unitec Institute of Technology,https://www.bachelorsportal.com/universities/17215/unitec-institute-of-technology.html,
United Arab Emirates University,https://www.bachelorsportal.com/universities/14484/united-arab-emirates-university.html,
United International Business Schools,https://www.bachelorsportal.com/universities/802/united-international-business-schools.html,
United States Military Academy at West Point,https://www.bachelorsportal.com/universities/15273/united-states-military-academy-at-west-point.html,
Universal College of Learning,https://www.bachelorsportal.com/universities/22064/universal-college-of-learning.html,
Universidad Carlos III de Madrid,https://www.bachelorsportal.com/universities/706/universidad-carlos-iii-de-madrid.html,
Universidad Católica de Valencia San Vicente Mártir,https://www.bachelorsportal.com/universities/24364/universidad-catlica-de-valencia-san-vicente-mrtir.html,
Universidad Europea,https://www.bachelorsportal.com/universities/1584/universidad-europea.html,"https://storage-prtl-co.imgix.net/endor/organisations/1584/images/1753096391_ue-logo-square.png?fit=fill&fill=solid&fill-color=00FFFFFF&w=48&h=48&auto=format,compress"
Universidade Nova de Lisboa,https://www.bachelorsportal.com/universities/171/universidade-nova-de-lisboa.html,
Università Cattolica del Sacro Cuore,https://www.bachelorsportal.com/universities/492/universit-cattolica-del-sacro-cuore.html,"https://storage-prtl-co.imgix.net/endor/organisations/492/images/1635512989_logo-verticale-rgb-150x150.jpg?fit=fill&fill=solid&fill-color=00FFFFFF&w=48&h=48&auto=format,compress"
Università Commerciale Luigi Bocconi,https://www.bachelorsportal.com/universities/235/universit-commerciale-luigi-bocconi.html,
Università IULM - Milan,https://www.bachelorsportal.com/universities/426/universit-iulm-milan.html,
Universitas Gadjah Mada,https://www.bachelorsportal.com/universities/13477/universitas-gadjah-mada.html,
Universitat Autònoma de Barcelona,https://www.bachelorsportal.com/universities/42/universitat-autnoma-de-barcelona.html,
Université Grenoble Alpes,https://www.bachelorsportal.com/universities/578/universit-grenoble-alpes.html,
Universiti Kuala Lumpur,https://www.bachelorsportal.com/universities/17394/universiti-kuala-lumpur.html,
Universiti Malaysia Terengganu (UMT),https://www.bachelorsportal.com/universities/21315/universiti-malaysia-terengganu.html,
Universiti Sultan Zainal Abidin,https://www.bachelorsportal.com/universities/24185/universiti-sultan-zainal-abidin.html,
Universiti Teknologi Brunei,https://www.bachelorsportal.com/universities/22547/universiti-teknologi-brunei.html,
Universiti Tenaga Nasional (UNITEN),https://www.bachelorsportal.com/universities/24206/universiti-tenaga-nasional.html,
Universiti Tun Hussein Onn Malaysia,https://www.bachelorsportal.com/universities/15417/universiti-tun-hussein-onn-malaysia.html,
Universiti Utara Malaysia (UUM),https://www.bachelorsportal.com/universities/15246/universiti-utara-malaysia.html,
University Academy 92,https://www.bachelorsportal.com/universities/21889/university-academy-92.html,
University at Albany,https://www.bachelorsportal.com/universities/12234/university-at-albany.html,
University at Buffalo,https://www.bachelorsportal.com/universities/12111/university-at-buffalo.html,
University Canada West,https://www.bachelorsportal.com/universities/12362/university-canada-west.html,
University College Absalon,https://www.bachelorsportal.com/universities/1377/university-college-absalon.html,
University College Birmingham,https://www.bachelorsportal.com/universities/12718/university-college-birmingham.html,"https://storage-prtl-co.imgix.net/endor/organisations/12718/images/1680508882_logo-university-college-birmingham-square-transparent.png?fit=fill&fill=solid&fill-color=00FFFFFF&w=48&h=48&auto=format,compress"
University College Cork,https://www.bachelorsportal.com/universities/219/university-college-cork.html,"https://storage-prtl-co.imgix.net/endor/organisations/219/images/1757503767_512x512-px-ua-square-logo-dimension_for-resizing.png?fit=fill&fill=solid&fill-color=00FFFFFF&w=48&h=48&auto=format,compress"
University College Dublin,https://www.bachelorsportal.com/universities/595/university-college-dublin.html,"https://storage-prtl-co.imgix.net/mp/5de0e891f22d.png?fit=fill&fill=solid&fill-color=00FFFFFF&w=48&h=48&auto=format,compress"
University College of Aviation Malaysia,https://www.bachelorsportal.com/universities/24385/university-college-of-aviation-malaysia.html,
University College of Estate Management,https://www.bachelorsportal.com/universities/209/university-college-of-estate-management.html,
University College Roosevelt,https://www.bachelorsportal.com/universities/24182/university-college-roosevelt.html,
University College South Denmark,https://www.bachelorsportal.com/universities/1747/university-college-south-denmark.html,
University for Foreigners of Siena,https://www.bachelorsportal.com/universities/18759/university-for-foreigners-of-siena.html,
University Kebangsaan Malaysia,https://www.bachelorsportal.com/universities/14120/university-kebangsaan-malaysia.html,
University Malaysia Sabah,https://www.bachelorsportal.com/universities/22020/university-malaysia-sabah.html,
University Malaysia Sarawak,https://www.bachelorsportal.com/universities/20744/university-malaysia-sarawak.html,
University of A Coruña,https://www.bachelorsportal.com/universities/21308/university-of-a-corua.html,
University of Aberdeen,https://www.bachelorsportal.com/universities/738/university-of-aberdeen.html,
University of Adelaide,https://www.bachelorsportal.com/universities/11456/university-of-adelaide.html,
University of Agder,https://www.bachelorsportal.com/universities/1508/university-of-agder.html,
University of Agriculture Faisalabad,https://www.bachelorsportal.com/universities/20721/university-of-agriculture-faisalabad.html,
University of Agriculture in Krakow,https://www.bachelorsportal.com/universities/12309/university-of-agriculture-in-krakow.html,
University of Alabama Huntsville,https://www.bachelorsportal.com/universities/12183/university-of-alabama-huntsville.html,
University of Alaska Anchorage,https://www.bachelorsportal.com/universities/16285/university-of-alaska-anchorage.html,
University of Alaska Fairbanks,https://www.bachelorsportal.com/universities/12368/university-of-alaska-fairbanks.html,
University of Alberta,https://www.bachelorsportal.com/universities/12117/university-of-alberta.html,
University of Amsterdam,https://www.bachelorsportal.com/universities/39/university-of-amsterdam.html,
University of Antwerp,https://www.bachelorsportal.com/universities/113/university-of-antwerp.html,
University of Applied Languages,https://www.bachelorsportal.com/universities/654/university-of-applied-languages.html,
University of Applied Management Studies,https://www.bachelorsportal.com/universities/17754/university-of-applied-management-studies.html,
University of Applied Sciences and Arts Northwestern Switzerland,https://www.bachelorsportal.com/universities/13424/university-of-applied-sciences-and-arts-northwestern-switzerland.html,
University of Applied Sciences and Arts Western Switzerland,https://www.bachelorsportal.com/universities/1816/university-of-applied-sciences-and-arts-western-switzerland.html,
University of Applied Sciences Emden/leer,https://www.bachelorsportal.com/universities/18716/university-of-applied-sciences-emdenleer.html,
University of Applied Sciences Kehl,https://www.bachelorsportal.com/universities/21113/university-of-applied-sciences-kehl.html,
University of Applied Sciences Ravensburg-Weingarten,https://www.bachelorsportal.com/universities/17761/university-of-applied-sciences-ravensburg-weingarten.html,
University of Applied Sciences Ulm,https://www.bachelorsportal.com/universities/17758/university-of-applied-sciences-ulm.html,
University of Applied Sciences Upper Austria,https://www.bachelorsportal.com/universities/680/university-of-applied-sciences-upper-austria.html,
University of Applied Sciences Wiener Neustadt,https://www.bachelorsportal.com/universities/515/university-of-applied-sciences-wiener-neustadt.html,
University of Applied Sciences Worms,https://www.bachelorsportal.com/universities/988/university-of-applied-sciences-worms.html,
University of Applied Sciences Würzburg-Schweinfurt,https://www.bachelorsportal.com/universities/1475/university-of-applied-sciences-wrzburg-schweinfurt.html,
University of Arkansas,https://www.bachelorsportal.com/universities/11868/university-of-arkansas.html,
University of Arkansas at Little Rock,https://www.bachelorsportal.com/universities/13131/university-of-arkansas-at-little-rock.html,
University of Arkansas at Pine Bluff,https://www.bachelorsportal.com/universities/17621/university-of-arkansas-at-pine-bluff.html,
University of Aruba,https://www.bachelorsportal.com/universities/14569/university-of-aruba.html,
University of Auckland,https://www.bachelorsportal.com/universities/9951/university-of-auckland.html,
University of Augsburg,https://www.bachelorsportal.com/universities/1363/university-of-augsburg.html,
University of Bahrain,https://www.bachelorsportal.com/universities/14753/university-of-bahrain.html,
University of Bamberg,https://www.bachelorsportal.com/universities/859/university-of-bamberg.html,
University of Barcelona,https://www.bachelorsportal.com/universities/226/university-of-barcelona.html,
University of Basel,https://www.bachelorsportal.com/universities/558/university-of-basel.html,
University of Bath,https://www.bachelorsportal.com/universities/236/university-of-bath.html,"https://storage-prtl-co.imgix.net/endor/organisations/236/logos/sq-236.png?fit=fill&fill=solid&fill-color=00FFFFFF&w=48&h=48&auto=format,compress"
University of Bayreuth,https://www.bachelorsportal.com/universities/233/university-of-bayreuth.html,
University of Bedfordshire,https://www.bachelorsportal.com/universities/248/university-of-bedfordshire.html,
University of Belgrade,https://www.bachelorsportal.com/universities/943/university-of-belgrade.html,
University of Belize,https://www.bachelorsportal.com/universities/14585/university-of-belize.html,
University of Bern,https://www.bachelorsportal.com/universities/494/university-of-bern.html,
University of Birmingham,https://www.bachelorsportal.com/universities/165/university-of-birmingham.html,"https://storage-prtl-co.imgix.net/mp/5de0e74556c8.png?fit=fill&fill=solid&fill-color=00FFFFFF&w=48&h=48&auto=format,compress"
University of Birmingham Dubai,https://www.bachelorsportal.com/universities/20671/university-of-birmingham-dubai.html,
University of Bologna,https://www.bachelorsportal.com/universities/606/university-of-bologna.html,
University of Bonn,https://www.bachelorsportal.com/universities/45/university-of-bonn.html,
University of Boras,https://www.bachelorsportal.com/universities/403/university-of-boras.html,
University of Botswana,https://www.bachelorsportal.com/universities/10780/university-of-botswana.html,
University of Bradford,https://www.bachelorsportal.com/universities/10352/university-of-bradford.html,"https://storage-prtl-co.imgix.net/mp/5de0e59512b0.png?fit=fill&fill=solid&fill-color=00FFFFFF&w=48&h=48&auto=format,compress"
University of Bridgeport,https://www.bachelorsportal.com/universities/11415/university-of-bridgeport.html,"https://storage-prtl-co.imgix.net/mp/5de0e5e06b02.png?fit=fill&fill=solid&fill-color=00FFFFFF&w=48&h=48&auto=format,compress"
University of Brighton,https://www.bachelorsportal.com/universities/524/university-of-brighton.html,"https://storage-prtl-co.imgix.net/endor/organisations/524/images/1736862189_uob-logo_black_512x512-1.png?fit=fill&fill=solid&fill-color=00FFFFFF&w=48&h=48&auto=format,compress"
University of Bristol,https://www.bachelorsportal.com/universities/147/university-of-bristol.html,"https://storage-prtl-co.imgix.net/mp/5de0e6f024dd.png?fit=fill&fill=solid&fill-color=00FFFFFF&w=48&h=48&auto=format,compress"
University of Bucharest,https://www.bachelorsportal.com/universities/957/university-of-bucharest.html,
University of Buckingham,https://www.bachelorsportal.com/universities/465/university-of-buckingham.html,
"University of California, Berkeley",https://www.bachelorsportal.com/universities/11801/university-of-california-berkeley.html,"https://storage-prtl-co.imgix.net/endor/organisations/11801/logos/sq-11801.png?fit=fill&fill=solid&fill-color=00FFFFFF&w=48&h=48&auto=format,compress"
"University of California, Davis",https://www.bachelorsportal.com/universities/11800/university-of-california-davis.html,
"University of California, Los Angeles (UCLA)",https://www.bachelorsportal.com/universities/11795/university-of-california-los-angeles.html,
"University of California, Riverside",https://www.bachelorsportal.com/universities/11785/university-of-california-riverside.html,
"University of California, San Diego",https://www.bachelorsportal.com/universities/11789/university-of-california-san-diego.html,
"University of California, Santa Barbara",https://www.bachelorsportal.com/universities/11786/university-of-california-santa-barbara.html,
"University of California, Santa Cruz",https://www.bachelorsportal.com/universities/11783/university-of-california-santa-cruz.html,
University of Cambridge,https://www.bachelorsportal.com/universities/34/university-of-cambridge.html,
University of Camerino,https://www.bachelorsportal.com/universities/1480/university-of-camerino.html,
University of Canberra,https://www.bachelorsportal.com/universities/11174/university-of-canberra.html,
University of Cantabria,https://www.bachelorsportal.com/universities/11122/university-of-cantabria.html,
University of Canterbury,https://www.bachelorsportal.com/universities/12621/university-of-canterbury.html,"https://storage-prtl-co.imgix.net/endor/organisations/12621/images/1765168083_uc-red-rgb-512x512px.png?fit=fill&fill=solid&fill-color=00FFFFFF&w=48&h=48&auto=format,compress"
University of Canterbury (Online),https://www.bachelorsportal.com/universities/24188/university-of-canterbury.html,
University of Cape Coast,https://www.bachelorsportal.com/universities/13315/university-of-cape-coast.html,
University of Cassino and Southern Lazio,https://www.bachelorsportal.com/universities/789/university-of-cassino-and-southern-lazio.html,
University of Central Arkansas,https://www.bachelorsportal.com/universities/17129/university-of-central-arkansas.html,
University of Central Florida,https://www.bachelorsportal.com/universities/12257/university-of-central-florida.html,
University of Central Missouri,https://www.bachelorsportal.com/universities/16348/university-of-central-missouri.html,
University of Central Oklahoma,https://www.bachelorsportal.com/universities/16777/university-of-central-oklahoma.html,
"University of Chemistry and Technology, Prague",https://www.bachelorsportal.com/universities/1142/university-of-chemistry-and-technology-prague.html,"https://storage-prtl-co.imgix.net/mp/5de0e5e1f8d4.png?fit=fill&fill=solid&fill-color=00FFFFFF&w=48&h=48&auto=format,compress"
University of Chester,https://www.bachelorsportal.com/universities/184/university-of-chester.html,
University of Chicago,https://www.bachelorsportal.com/universities/11781/university-of-chicago.html,
University of Cincinnati,https://www.bachelorsportal.com/universities/11497/university-of-cincinnati.html,
University of Cologne,https://www.bachelorsportal.com/universities/608/university-of-cologne.html,
University of Colorado at Boulder,https://www.bachelorsportal.com/universities/11777/university-of-colorado-at-boulder.html,
University of Colorado Colorado Springs (UCCS),https://www.bachelorsportal.com/universities/15091/university-of-colorado-colorado-springs.html,
University of Colorado Denver,https://www.bachelorsportal.com/universities/12331/university-of-colorado-denver.html,
University of Crete,https://www.bachelorsportal.com/universities/13135/university-of-crete.html,
University of Cumbria,https://www.bachelorsportal.com/universities/511/university-of-cumbria.html,
University of Curacao,https://www.bachelorsportal.com/universities/14637/university-of-curacao.html,
University of Cyberjaya,https://www.bachelorsportal.com/universities/24172/university-of-cyberjaya.html,
University of Cyprus,https://www.bachelorsportal.com/universities/68/university-of-cyprus.html,"https://storage-prtl-co.imgix.net/endor/organisations/68/logos/sq-68.png?fit=fill&fill=solid&fill-color=00FFFFFF&w=48&h=48&auto=format,compress"
University of Dallas,https://www.bachelorsportal.com/universities/16593/university-of-dallas.html,
University of Dayton,https://www.bachelorsportal.com/universities/14188/university-of-dayton.html,
University of Debrecen,https://www.bachelorsportal.com/universities/623/university-of-debrecen.html,
University of Delaware,https://www.bachelorsportal.com/universities/11028/university-of-delaware.html,"https://storage-prtl-co.imgix.net/mp/5de0e5c4e560.png?fit=fill&fill=solid&fill-color=00FFFFFF&w=48&h=48&auto=format,compress"
University of Delhi,https://www.bachelorsportal.com/universities/20310/university-of-delhi.html,
University of Derby,https://www.bachelorsportal.com/universities/196/university-of-derby.html,"https://storage-prtl-co.imgix.net/mp/5de0e7e1b78d.png?fit=fill&fill=solid&fill-color=00FFFFFF&w=48&h=48&auto=format,compress"
University of Deusto,https://www.bachelorsportal.com/universities/360/university-of-deusto.html,
University of Divinity,https://www.bachelorsportal.com/universities/23248/university-of-divinity.html,
University of Dubai,https://www.bachelorsportal.com/universities/15305/university-of-dubai.html,
University of Dubrovnik,https://www.bachelorsportal.com/universities/22032/university-of-dubrovnik.html,"https://storage-prtl-co.imgix.net/endor/organisations/22032/images/1729673781_untitled-design.png?fit=fill&fill=solid&fill-color=00FFFFFF&w=48&h=48&auto=format,compress"
University of Dubuque,https://www.bachelorsportal.com/universities/18632/university-of-dubuque.html,
University of Dunaújváros,https://www.bachelorsportal.com/universities/10505/university-of-dunajvros.html,
University of Dundee,https://www.bachelorsportal.com/universities/309/university-of-dundee.html,"https://storage-prtl-co.imgix.net/mp/5de0e81fd9db.png?fit=fill&fill=solid&fill-color=00FFFFFF&w=48&h=48&auto=format,compress"
University of East Anglia,https://www.bachelorsportal.com/universities/106/university-of-east-anglia.html,"https://storage-prtl-co.imgix.net/mp/5de0e5a42083.png?fit=fill&fill=solid&fill-color=00FFFFFF&w=48&h=48&auto=format,compress"
University of East London,https://www.bachelorsportal.com/universities/119/university-of-east-london.html,
University of Eastern Finland,https://www.bachelorsportal.com/universities/178/university-of-eastern-finland.html,
University of Economics and Innovation in Lublin,https://www.bachelorsportal.com/universities/15535/university-of-economics-and-innovation-in-lublin.html,
University of Economics in Katowice,https://www.bachelorsportal.com/universities/1461/university-of-economics-in-katowice.html,
University of Economy,https://www.bachelorsportal.com/universities/14537/university-of-economy.html,
University of Electronic Science and Technology of China,https://www.bachelorsportal.com/universities/12904/university-of-electronic-science-and-technology-of-china.html,
University of Essex,https://www.bachelorsportal.com/universities/620/university-of-essex.html,"https://storage-prtl-co.imgix.net/endor/organisations/620/logos/sq-620.png?fit=fill&fill=solid&fill-color=00FFFFFF&w=48&h=48&auto=format,compress"
University of Essex Online,https://www.bachelorsportal.com/universities/17057/university-of-essex-online.html,"https://storage-prtl-co.imgix.net/mp/5de0e75f553f.png?fit=fill&fill=solid&fill-color=00FFFFFF&w=48&h=48&auto=format,compress"
"University of Europe for Applied Sciences, Germany",https://www.bachelorsportal.com/universities/17279/university-of-europe-for-applied-sciences-germany.html,
University of Evansville,https://www.bachelorsportal.com/universities/16776/university-of-evansville.html,
University of Fairfax,https://www.bachelorsportal.com/universities/21505/university-of-fairfax.html,
University of Findlay,https://www.bachelorsportal.com/universities/17753/university-of-findlay.html,
University of Flensburg,https://www.bachelorsportal.com/universities/927/university-of-flensburg.html,
University of Florence,https://www.bachelorsportal.com/universities/939/university-of-florence.html,
University of Florida,https://www.bachelorsportal.com/universities/11356/university-of-florida.html,
University of Fredericton (UFred),https://www.bachelorsportal.com/universities/22685/university-of-fredericton.html,
University of Fribourg,https://www.bachelorsportal.com/universities/815/university-of-fribourg.html,
University of Galway,https://www.bachelorsportal.com/universities/1202/university-of-galway.html,"https://storage-prtl-co.imgix.net/mp/5de0e640e2d0.png?fit=fill&fill=solid&fill-color=00FFFFFF&w=48&h=48&auto=format,compress"
University of Gävle,https://www.bachelorsportal.com/universities/1625/university-of-gvle.html,
University of Gaziantep,https://www.bachelorsportal.com/universities/743/university-of-gaziantep.html,
University of Gdansk,https://www.bachelorsportal.com/universities/13611/university-of-gdansk.html,
University of Geneva,https://www.bachelorsportal.com/universities/525/university-of-geneva.html,
University of Genoa,https://www.bachelorsportal.com/universities/1188/university-of-genoa.html,
University of Georgia,https://www.bachelorsportal.com/universities/13167/university-of-georgia.html,
University of Girona,https://www.bachelorsportal.com/universities/618/university-of-girona.html,
University of Glasgow,https://www.bachelorsportal.com/universities/110/university-of-glasgow.html,"https://storage-prtl-co.imgix.net/mp/5de0e5c03ba5.png?fit=fill&fill=solid&fill-color=00FFFFFF&w=48&h=48&auto=format,compress"
University of Gloucestershire,https://www.bachelorsportal.com/universities/526/university-of-gloucestershire.html,
University of Gothenburg,https://www.bachelorsportal.com/universities/21/university-of-gothenburg.html,
University of Göttingen,https://www.bachelorsportal.com/universities/554/university-of-gttingen.html,
University of Greater Manchester,https://www.bachelorsportal.com/universities/16205/university-of-greater-manchester.html,
University of Greenwich,https://www.bachelorsportal.com/universities/1242/university-of-greenwich.html,"https://storage-prtl-co.imgix.net/endor/organisations/1242/images/1662712794_2022-square-uog-lk-master-rgb-n-01.png?fit=fill&fill=solid&fill-color=00FFFFFF&w=48&h=48&auto=format,compress"
University of Guam,https://www.bachelorsportal.com/universities/14682/university-of-guam.html,
University of Guelph,https://www.bachelorsportal.com/universities/12332/university-of-guelph.html,
University of Hartford,https://www.bachelorsportal.com/universities/16549/university-of-hartford.html,
University of Hawaii at Hilo,https://www.bachelorsportal.com/universities/16990/university-of-hawaii-at-hilo.html,
University of Hawaii at Manoa,https://www.bachelorsportal.com/universities/13137/university-of-hawaii-at-manoa.html,
University of Health and Allied Sciences,https://www.bachelorsportal.com/universities/23987/university-of-health-and-allied-sciences.html,
University of Helsinki,https://www.bachelorsportal.com/universities/17/university-of-helsinki.html,"https://storage-prtl-co.imgix.net/mp/5de0e75b20c4.png?fit=fill&fill=solid&fill-color=00FFFFFF&w=48&h=48&auto=format,compress"
University of Houston,https://www.bachelorsportal.com/universities/12264/university-of-houston.html,
University of Houston Clear Lake,https://www.bachelorsportal.com/universities/17055/university-of-houston-clear-lake.html,
University of Houston Downtown,https://www.bachelorsportal.com/universities/16550/university-of-houston-downtown.html,
University of Hradec Králové,https://www.bachelorsportal.com/universities/1231/university-of-hradec-krlov.html,"https://storage-prtl-co.imgix.net/endor/organisations/1231/images/1648218535_00_toman-kukacka_uhk_2009.jpg?fit=fill&fill=solid&fill-color=00FFFFFF&w=48&h=48&auto=format,compress"
University of Huddersfield,https://www.bachelorsportal.com/universities/899/university-of-huddersfield.html,"https://storage-prtl-co.imgix.net/mp/5de0e8ed90e5.png?fit=fill&fill=solid&fill-color=00FFFFFF&w=48&h=48&auto=format,compress"
University of Huddersfield Distance Learning Unit,https://www.bachelorsportal.com/universities/23010/university-of-huddersfield-distance-learning-unit.html,"https://storage-prtl-co.imgix.net/endor/organisations/23010/images/1720422071_uoh_square_logo.jpg?fit=fill&fill=solid&fill-color=00FFFFFF&w=48&h=48&auto=format,compress"
University of Humanities and Economics in Lodz,https://www.bachelorsportal.com/universities/13387/university-of-humanities-and-economics-in-lodz.html,
University of Hyogo,https://www.bachelorsportal.com/universities/21340/university-of-hyogo.html,
University of Iceland,https://www.bachelorsportal.com/universities/76/university-of-iceland.html,
University of Idaho,https://www.bachelorsportal.com/universities/12283/university-of-idaho.html,"https://storage-prtl-co.imgix.net/endor/organisations/12283/logos/sq-12283.png?fit=fill&fill=solid&fill-color=00FFFFFF&w=48&h=48&auto=format,compress"
University of Illinois at Chicago,https://www.bachelorsportal.com/universities/12294/university-of-illinois-at-chicago.html,
University of Illinois Springfield,https://www.bachelorsportal.com/universities/16407/university-of-illinois-springfield.html,
University of Indonesia,https://www.bachelorsportal.com/universities/13906/university-of-indonesia.html,
University of International Business and Economics (UIBE),https://www.bachelorsportal.com/universities/19914/university-of-international-business-and-economics.html,
University of Jaén,https://www.bachelorsportal.com/universities/1388/university-of-jan.html,
University of Johannesburg,https://www.bachelorsportal.com/universities/13368/university-of-johannesburg.html,
University of Jyväskylä,https://www.bachelorsportal.com/universities/19/university-of-jyvskyl.html,
University of Kansas Medical Center,https://www.bachelorsportal.com/universities/14195/university-of-kansas-medical-center.html,
University of Kent,https://www.bachelorsportal.com/universities/118/university-of-kent.html,"https://storage-prtl-co.imgix.net/mp/5de0e619de35.png?fit=fill&fill=solid&fill-color=00FFFFFF&w=48&h=48&auto=format,compress"
University of Kentucky,https://www.bachelorsportal.com/universities/12341/university-of-kentucky.html,
University of Klagenfurt,https://www.bachelorsportal.com/universities/295/university-of-klagenfurt.html,
University of Konstanz,https://www.bachelorsportal.com/universities/279/university-of-konstanz.html,
University of La Verne,https://www.bachelorsportal.com/universities/17625/university-of-la-verne.html,
University of Latvia,https://www.bachelorsportal.com/universities/363/university-of-latvia.html,
University of Leeds,https://www.bachelorsportal.com/universities/151/university-of-leeds.html,
University of Leicester,https://www.bachelorsportal.com/universities/122/university-of-leicester.html,
University of Life Sciences in Lublin,https://www.bachelorsportal.com/universities/17137/university-of-life-sciences-in-lublin.html,
University of Limerick,https://www.bachelorsportal.com/universities/212/university-of-limerick.html,"https://storage-prtl-co.imgix.net/mp/5de0e7f0c7ef.png?fit=fill&fill=solid&fill-color=00FFFFFF&w=48&h=48&auto=format,compress"
University of Lincoln,https://www.bachelorsportal.com/universities/242/university-of-lincoln.html,
University of Lincoln Work-Based Distance Learning,https://www.bachelorsportal.com/universities/23374/university-of-lincoln-work-based-distance-learning.html,"https://storage-prtl-co.imgix.net/endor/organisations/23374/images/1752669070_uol_logo.png?fit=fill&fill=solid&fill-color=00FFFFFF&w=48&h=48&auto=format,compress"
University of Liverpool,https://www.bachelorsportal.com/universities/754/university-of-liverpool.html,"https://storage-prtl-co.imgix.net/endor/organisations/754/logos/sq-754.png?fit=fill&fill=solid&fill-color=00FFFFFF&w=48&h=48&auto=format,compress"
University of Ljubljana,https://www.bachelorsportal.com/universities/29/university-of-ljubljana.html,
University of Lodz,https://www.bachelorsportal.com/universities/963/university-of-lodz.html,
University of London,https://www.bachelorsportal.com/universities/532/university-of-london.html,
University of London - 2U,https://www.bachelorsportal.com/universities/24060/university-of-london-2u.html,
University of London Institute in Paris,https://www.bachelorsportal.com/universities/9336/university-of-london-institute-in-paris.html,"https://storage-prtl-co.imgix.net/endor/organisations/9336/images/1715024053_cropped_image.png?fit=fill&fill=solid&fill-color=00FFFFFF&w=48&h=48&auto=format,compress"
University of Louisiana at Lafayette,https://www.bachelorsportal.com/universities/14745/university-of-louisiana-at-lafayette.html,
University of Louisiana at Monroe,https://www.bachelorsportal.com/universities/17175/university-of-louisiana-at-monroe.html,
University of Louisville,https://www.bachelorsportal.com/universities/13139/university-of-louisville.html,
University of Luxembourg,https://www.bachelorsportal.com/universities/108/university-of-luxembourg.html,
University of Lynchburg,https://www.bachelorsportal.com/universities/17762/university-of-lynchburg.html,
University of Macao,https://www.bachelorsportal.com/universities/24382/university-of-macao.html,
University of Macau,https://www.bachelorsportal.com/universities/13166/university-of-macau.html,
University of Macedonia,https://www.bachelorsportal.com/universities/1611/university-of-macedonia.html,
University of Macerata,https://www.bachelorsportal.com/universities/749/university-of-macerata.html,
University of Madeira,https://www.bachelorsportal.com/universities/1486/university-of-madeira.html,
University of Malaya,https://www.bachelorsportal.com/universities/13140/university-of-malaya.html,
University of Malta,https://www.bachelorsportal.com/universities/362/university-of-malta.html,"https://storage-prtl-co.imgix.net/endor/organisations/362/logos/sq-362.png?fit=fill&fill=solid&fill-color=00FFFFFF&w=48&h=48&auto=format,compress"
University of Manitoba,https://www.bachelorsportal.com/universities/12328/university-of-manitoba.html,
University of Mary Hardin Baylor,https://www.bachelorsportal.com/universities/17978/university-of-mary-hardin-baylor.html,
University of Mary Washington,https://www.bachelorsportal.com/universities/17040/university-of-mary-washington.html,
University of Maryland,https://www.bachelorsportal.com/universities/11827/university-of-maryland.html,
University of Maryland Eastern Shore,https://www.bachelorsportal.com/universities/12305/university-of-maryland-eastern-shore.html,
University of Maryland Global Campus,https://www.bachelorsportal.com/universities/10781/university-of-maryland-global-campus.html,
"University of Maryland, Baltimore County (UMBC)",https://www.bachelorsportal.com/universities/12317/university-of-maryland-baltimore-county.html,"https://storage-prtl-co.imgix.net/endor/organisations/12317/logos/sq-12317.png?fit=fill&fill=solid&fill-color=00FFFFFF&w=48&h=48&auto=format,compress"
University of Massachusetts Amherst,https://www.bachelorsportal.com/universities/12295/university-of-massachusetts-amherst.html,
University of Massachusetts Boston,https://www.bachelorsportal.com/universities/14234/university-of-massachusetts-boston.html,
University of Massachusetts Dartmouth,https://www.bachelorsportal.com/universities/16314/university-of-massachusetts-dartmouth.html,
University of Massachusetts Lowell,https://www.bachelorsportal.com/universities/12543/university-of-massachusetts-lowell.html,
University of Mauritius,https://www.bachelorsportal.com/universities/17284/university-of-mauritius.html,
University of Melbourne,https://www.bachelorsportal.com/universities/18969/university-of-melbourne.html,
University of Memphis,https://www.bachelorsportal.com/universities/14249/university-of-memphis.html,"https://storage-prtl-co.imgix.net/endor/organisations/14249/logos/sq-14249.png?fit=fill&fill=solid&fill-color=00FFFFFF&w=48&h=48&auto=format,compress"
University of Messina,https://www.bachelorsportal.com/universities/13178/university-of-messina.html,
University of Miami,https://www.bachelorsportal.com/universities/12296/university-of-miami.html,
University of Michigan,https://www.bachelorsportal.com/universities/11758/university-of-michigan.html,
University of Michigan - Dearborn,https://www.bachelorsportal.com/universities/17017/university-of-michigan-dearborn.html,"https://storage-prtl-co.imgix.net/endor/organisations/17017/images/1646326995_downloadmichigan1.jpg?fit=fill&fill=solid&fill-color=00FFFFFF&w=48&h=48&auto=format,compress"
University of Michigan Flint,https://www.bachelorsportal.com/universities/16432/university-of-michigan-flint.html,
University of Minho,https://www.bachelorsportal.com/universities/330/university-of-minho.html,
University of Minnesota,https://www.bachelorsportal.com/universities/11754/university-of-minnesota.html,
University of Miskolc,https://www.bachelorsportal.com/universities/1930/university-of-miskolc.html,
University of Mississippi,https://www.bachelorsportal.com/universities/12291/university-of-mississippi.html,
University of Missouri - Columbia,https://www.bachelorsportal.com/universities/13145/university-of-missouri-columbia.html,
University of Montpellier,https://www.bachelorsportal.com/universities/1879/university-of-montpellier.html,
University of Moratuwa,https://www.bachelorsportal.com/universities/17255/university-of-moratuwa.html,
University of Mount Olive,https://www.bachelorsportal.com/universities/22071/university-of-mount-olive.html,
University of Mount Union,https://www.bachelorsportal.com/universities/18163/university-of-mount-union.html,
University of Mumbai,https://www.bachelorsportal.com/universities/20837/university-of-mumbai.html,
University of Münster,https://www.bachelorsportal.com/universities/12070/university-of-mnster.html,
University of Namibia,https://www.bachelorsportal.com/universities/17259/university-of-namibia.html,
University of Naples Federico II,https://www.bachelorsportal.com/universities/332/university-of-naples-federico-ii.html,
University of Naples Parthenope,https://www.bachelorsportal.com/universities/20558/university-of-naples-parthenope.html,
University of Navarra,https://www.bachelorsportal.com/universities/795/university-of-navarra.html,
University of Nebraska Kearney,https://www.bachelorsportal.com/universities/16260/university-of-nebraska-kearney.html,
University of Nebraska Medical Center,https://www.bachelorsportal.com/universities/14053/university-of-nebraska-medical-center.html,
University of Nebraska Omaha,https://www.bachelorsportal.com/universities/14233/university-of-nebraska-omaha.html,"https://storage-prtl-co.imgix.net/endor/organisations/14233/logos/sq-14233.png?fit=fill&fill=solid&fill-color=00FFFFFF&w=48&h=48&auto=format,compress"
University of Nebraska-Lincoln,https://www.bachelorsportal.com/universities/11419/university-of-nebraska-lincoln.html,
"University of Nevada, Las Vegas",https://www.bachelorsportal.com/universities/13396/university-of-nevada-las-vegas.html,"https://storage-prtl-co.imgix.net/mp/5de0e6ba5ef9.png?fit=fill&fill=solid&fill-color=00FFFFFF&w=48&h=48&auto=format,compress"
University of New Brunswick,https://www.bachelorsportal.com/universities/13779/university-of-new-brunswick.html,
University of New England,https://www.bachelorsportal.com/universities/10616/university-of-new-england.html,
University of New England Maine,https://www.bachelorsportal.com/universities/11544/university-of-new-england-maine.html,
University of New Hampshire,https://www.bachelorsportal.com/universities/12282/university-of-new-hampshire.html,
University of New Haven,https://www.bachelorsportal.com/universities/12845/university-of-new-haven.html,
University of New Orleans,https://www.bachelorsportal.com/universities/16184/university-of-new-orleans.html,
University of New South Wales,https://www.bachelorsportal.com/universities/12000/university-of-new-south-wales.html,
University of New York in Prague,https://www.bachelorsportal.com/universities/19769/university-of-new-york-in-prague.html,
University of New York Tirana,https://www.bachelorsportal.com/universities/760/university-of-new-york-tirana.html,
University of Newcastle,https://www.bachelorsportal.com/universities/10831/university-of-newcastle.html,
University of North Alabama,https://www.bachelorsportal.com/universities/17397/university-of-north-alabama.html,
University of North Carolina Asheville,https://www.bachelorsportal.com/universities/17191/university-of-north-carolina-asheville.html,
University of North Carolina at Pembroke,https://www.bachelorsportal.com/universities/16320/university-of-north-carolina-at-pembroke.html,
University of North Carolina Chapel Hill,https://www.bachelorsportal.com/universities/13938/university-of-north-carolina-chapel-hill.html,
University of North Carolina School of the Arts,https://www.bachelorsportal.com/universities/18633/university-of-north-carolina-school-of-the-arts.html,
University of North Carolina Wilmington,https://www.bachelorsportal.com/universities/14083/university-of-north-carolina-wilmington.html,
University of North Dakota,https://www.bachelorsportal.com/universities/10634/university-of-north-dakota.html,
University of North Florida,https://www.bachelorsportal.com/universities/15185/university-of-north-florida.html,
University of North Georgia,https://www.bachelorsportal.com/universities/17765/university-of-north-georgia.html,
University of North Texas,https://www.bachelorsportal.com/universities/12198/university-of-north-texas.html,
University of North Texas Health Science Center at Fort Worth,https://www.bachelorsportal.com/universities/17164/university-of-north-texas-health-science-center-at-fort-worth.html,
University of Northampton,https://www.bachelorsportal.com/universities/434/university-of-northampton.html,
University of Northern British Columbia,https://www.bachelorsportal.com/universities/15353/university-of-northern-british-columbia.html,
University of Northern Colorado,https://www.bachelorsportal.com/universities/16459/university-of-northern-colorado.html,
University of Northwestern Ohio,https://www.bachelorsportal.com/universities/18635/university-of-northwestern-ohio.html,
University of Notre Dame,https://www.bachelorsportal.com/universities/11463/university-of-notre-dame.html,
University of Nottingham,https://www.bachelorsportal.com/universities/166/university-of-nottingham.html,"https://storage-prtl-co.imgix.net/mp/5de0e74971a9.png?fit=fill&fill=solid&fill-color=00FFFFFF&w=48&h=48&auto=format,compress"
University of Nottingham Ningbo China,https://www.bachelorsportal.com/universities/10005/university-of-nottingham-ningbo-china.html,
University of Nova Gorica,https://www.bachelorsportal.com/universities/689/university-of-nova-gorica.html,
University of Oklahoma,https://www.bachelorsportal.com/universities/12292/university-of-oklahoma.html,
University of Opole,https://www.bachelorsportal.com/universities/17026/university-of-opole.html,
University of Oradea,https://www.bachelorsportal.com/universities/137/university-of-oradea.html,
University of Oregon,https://www.bachelorsportal.com/universities/12252/university-of-oregon.html,
University of Ostrava,https://www.bachelorsportal.com/universities/15477/university-of-ostrava.html,"https://storage-prtl-co.imgix.net/endor/organisations/15477/logos/sq-15477.png?fit=fill&fill=solid&fill-color=00FFFFFF&w=48&h=48&auto=format,compress"
University of Otago,https://www.bachelorsportal.com/universities/11377/university-of-otago.html,
University of Ottawa,https://www.bachelorsportal.com/universities/12378/university-of-ottawa.html,
University of Oulu,https://www.bachelorsportal.com/universities/20/university-of-oulu.html,
University of Oxford,https://www.bachelorsportal.com/universities/35/university-of-oxford.html,
University of Padua,https://www.bachelorsportal.com/universities/518/university-of-padua.html,
University of Palermo,https://www.bachelorsportal.com/universities/13150/university-of-palermo.html,
University of Pannonia,https://www.bachelorsportal.com/universities/467/university-of-pannonia.html,
University of Pardubice,https://www.bachelorsportal.com/universities/725/university-of-pardubice.html,
University of Parma,https://www.bachelorsportal.com/universities/697/university-of-parma.html,
University of Pavia,https://www.bachelorsportal.com/universities/695/university-of-pavia.html,
University of Pennsylvania,https://www.bachelorsportal.com/universities/11746/university-of-pennsylvania.html,
University of Peradeniya,https://www.bachelorsportal.com/universities/20632/university-of-peradeniya.html,
University of Perugia,https://www.bachelorsportal.com/universities/17243/university-of-perugia.html,
University of Peshawar,https://www.bachelorsportal.com/universities/20588/university-of-peshawar.html,
University of Petroleum and Energy Studies,https://www.bachelorsportal.com/universities/19815/university-of-petroleum-and-energy-studies.html,
University of Phoenix,https://www.bachelorsportal.com/universities/18637/university-of-phoenix.html,
University of Pisa,https://www.bachelorsportal.com/universities/501/university-of-pisa.html,
University of Pittsburgh,https://www.bachelorsportal.com/universities/11747/university-of-pittsburgh.html,
University of Plymouth,https://www.bachelorsportal.com/universities/1773/university-of-plymouth.html,"https://storage-prtl-co.imgix.net/endor/organisations/1773/logos/sq-1773.png?fit=fill&fill=solid&fill-color=00FFFFFF&w=48&h=48&auto=format,compress"
University of Portland,https://www.bachelorsportal.com/universities/18356/university-of-portland.html,
University of Portsmouth,https://www.bachelorsportal.com/universities/231/university-of-portsmouth.html,"https://storage-prtl-co.imgix.net/mp/5de0e7f91168.png?fit=fill&fill=solid&fill-color=00FFFFFF&w=48&h=48&auto=format,compress"
University of Pretoria,https://www.bachelorsportal.com/universities/13364/university-of-pretoria.html,
University of Primorska,https://www.bachelorsportal.com/universities/1408/university-of-primorska.html,
University of Puget Sound,https://www.bachelorsportal.com/universities/16635/university-of-puget-sound.html,
University of Queensland,https://www.bachelorsportal.com/universities/11393/university-of-queensland.html,
University of Reading,https://www.bachelorsportal.com/universities/155/university-of-reading.html,"https://storage-prtl-co.imgix.net/endor/organisations/155/images/1695117137_logo3.png?fit=fill&fill=solid&fill-color=00FFFFFF&w=48&h=48&auto=format,compress"
University of Reading Malaysia,https://www.bachelorsportal.com/universities/24301/university-of-reading-malaysia.html,
University of Redlands,https://www.bachelorsportal.com/universities/16249/university-of-redlands.html,
University of Regina,https://www.bachelorsportal.com/universities/14184/university-of-regina.html,
University of Rennes,https://www.bachelorsportal.com/universities/433/university-of-rennes.html,
University of Rhode Island,https://www.bachelorsportal.com/universities/13153/university-of-rhode-island.html,
University of Richmond,https://www.bachelorsportal.com/universities/13997/university-of-richmond.html,
University of Rijeka,https://www.bachelorsportal.com/universities/21850/university-of-rijeka.html,
University of Rio Grande,https://www.bachelorsportal.com/universities/18639/university-of-rio-grande.html,
University of Rochester,https://www.bachelorsportal.com/universities/11741/university-of-rochester.html,
University of Roehampton,https://www.bachelorsportal.com/universities/286/university-of-roehampton.html,
University of Saint Joseph,https://www.bachelorsportal.com/universities/18169/university-of-saint-joseph.html,
University of Saint Mary,https://www.bachelorsportal.com/universities/11532/university-of-saint-mary.html,
University of Saint Thomas Saint Paul,https://www.bachelorsportal.com/universities/16454/university-of-saint-thomas-saint-paul.html,
University of San Diego,https://www.bachelorsportal.com/universities/12040/university-of-san-diego.html,
University of Sarajevo,https://www.bachelorsportal.com/universities/851/university-of-sarajevo.html,
University of Saskatchewan,https://www.bachelorsportal.com/universities/12032/university-of-saskatchewan.html,
University of Science and Technology Beijing,https://www.bachelorsportal.com/universities/13949/university-of-science-and-technology-beijing.html,
University of Science and Technology of China,https://www.bachelorsportal.com/universities/12302/university-of-science-and-technology-of-china.html,
University of Shanghai for Science and Technology,https://www.bachelorsportal.com/universities/13981/university-of-shanghai-for-science-and-technology.html,
University of Sharjah,https://www.bachelorsportal.com/universities/17163/university-of-sharjah.html,
University of Sheffield,https://www.bachelorsportal.com/universities/232/university-of-sheffield.html,
University of Skövde,https://www.bachelorsportal.com/universities/717/university-of-skvde.html,
University of Social Welfare and Rehabilitation Sciences,https://www.bachelorsportal.com/universities/21463/university-of-social-welfare-and-rehabilitation-sciences.html,
University of South Africa (UNISA),https://www.bachelorsportal.com/universities/10784/university-of-south-africa.html,
University of South Alabama,https://www.bachelorsportal.com/universities/14967/university-of-south-alabama.html,
University of South Australia,https://www.bachelorsportal.com/universities/12190/university-of-south-australia.html,
University of South Bohemia in Ceské Budejovice (USB),https://www.bachelorsportal.com/universities/1683/university-of-south-bohemia-in-cesk-budejovice.html,
University of South Carolina,https://www.bachelorsportal.com/universities/11032/university-of-south-carolina.html,
University of South Carolina Aiken,https://www.bachelorsportal.com/universities/17374/university-of-south-carolina-aiken.html,
University of South Dakota,https://www.bachelorsportal.com/universities/14468/university-of-south-dakota.html,
University of South Florida,https://www.bachelorsportal.com/universities/11474/university-of-south-florida.html,
University of Southampton,https://www.bachelorsportal.com/universities/357/university-of-southampton.html,
University of Southern California,https://www.bachelorsportal.com/universities/11542/university-of-southern-california.html,
University of Southern Denmark,https://www.bachelorsportal.com/universities/180/university-of-southern-denmark.html,
University of Southern Maine,https://www.bachelorsportal.com/universities/17071/university-of-southern-maine.html,
University of Southern Mississippi,https://www.bachelorsportal.com/universities/14240/university-of-southern-mississippi.html,
University of Southern Queensland,https://www.bachelorsportal.com/universities/10786/university-of-southern-queensland.html,
University of Split,https://www.bachelorsportal.com/universities/1442/university-of-split.html,
University of St Andrews,https://www.bachelorsportal.com/universities/215/university-of-st-andrews.html,
University of St Francis,https://www.bachelorsportal.com/universities/13817/university-of-st-francis.html,
University of St. Gallen (HSG),https://www.bachelorsportal.com/universities/142/university-of-st-gallen.html,
University of St. Martin,https://www.bachelorsportal.com/universities/14649/university-of-st-martin.html,
University of Stavanger,https://www.bachelorsportal.com/universities/745/university-of-stavanger.html,
University of Stirling,https://www.bachelorsportal.com/universities/444/university-of-stirling.html,"https://storage-prtl-co.imgix.net/mp/5de0e85acf9d.png?fit=fill&fill=solid&fill-color=00FFFFFF&w=48&h=48&auto=format,compress"
University of Strathclyde,https://www.bachelorsportal.com/universities/249/university-of-strathclyde.html,
University of Suffolk,https://www.bachelorsportal.com/universities/1086/university-of-suffolk.html,
University of Sunderland,https://www.bachelorsportal.com/universities/551/university-of-sunderland.html,"https://storage-prtl-co.imgix.net/endor/organisations/551/logos/sq-551.png?fit=fill&fill=solid&fill-color=00FFFFFF&w=48&h=48&auto=format,compress"
University of Surrey,https://www.bachelorsportal.com/universities/189/university-of-surrey.html,"https://storage-prtl-co.imgix.net/endor/organisations/189/images/1738167529_512x512-px-ua-logo-dimension_for-resizing.png?fit=fill&fill=solid&fill-color=00FFFFFF&w=48&h=48&auto=format,compress"
University of Sussex,https://www.bachelorsportal.com/universities/275/university-of-sussex.html,"https://storage-prtl-co.imgix.net/mp/5de0e80cff3b.png?fit=fill&fill=solid&fill-color=00FFFFFF&w=48&h=48&auto=format,compress"
University of Szeged,https://www.bachelorsportal.com/universities/609/university-of-szeged.html,"https://storage-prtl-co.imgix.net/endor/organisations/609/images/1743451637_presentation1.png?fit=fill&fill=solid&fill-color=00FFFFFF&w=48&h=48&auto=format,compress"
University of Tasmania,https://www.bachelorsportal.com/universities/11996/university-of-tasmania.html,"https://storage-prtl-co.imgix.net/mp/5de0e63bf581.png?fit=fill&fill=solid&fill-color=00FFFFFF&w=48&h=48&auto=format,compress"
University of Technology Sydney (UTS),https://www.bachelorsportal.com/universities/11979/university-of-technology-sydney.html,"https://storage-prtl-co.imgix.net/endor/organisations/11979/logos/sq-11979.png?fit=fill&fill=solid&fill-color=00FFFFFF&w=48&h=48&auto=format,compress"
University of Tennessee Health Science Center,https://www.bachelorsportal.com/universities/13157/university-of-tennessee-health-science-center.html,
University of Tennessee Knoxville,https://www.bachelorsportal.com/universities/12185/university-of-tennessee-knoxville.html,
University of Tennessee Martin,https://www.bachelorsportal.com/universities/17042/university-of-tennessee-martin.html,
University of Texas at Austin,https://www.bachelorsportal.com/universities/11735/university-of-texas-at-austin.html,
University of Texas El Paso,https://www.bachelorsportal.com/universities/13603/university-of-texas-el-paso.html,
University of Texas Permian Basin,https://www.bachelorsportal.com/universities/17806/university-of-texas-permian-basin.html,
University of the Arts London (UAL),https://www.bachelorsportal.com/universities/422/university-of-the-arts-london.html,
University of the Commonwealth Caribbean Global,https://www.bachelorsportal.com/universities/18895/university-of-the-commonwealth-caribbean-global.html,
University of the District of Columbia,https://www.bachelorsportal.com/universities/17158/university-of-the-district-of-columbia.html,
University of the Fraser Valley,https://www.bachelorsportal.com/universities/17962/university-of-the-fraser-valley.html,"https://storage-prtl-co.imgix.net/endor/organisations/17962/logos/sq-17962.png?fit=fill&fill=solid&fill-color=00FFFFFF&w=48&h=48&auto=format,compress"
University of the Free State,https://www.bachelorsportal.com/universities/20864/university-of-the-free-state.html,
University of the Highlands and Islands (UHI),https://www.bachelorsportal.com/universities/466/university-of-the-highlands-and-islands.html,
University of the Incarnate Word,https://www.bachelorsportal.com/universities/16028/university-of-the-incarnate-word.html,
University of the Pacific,https://www.bachelorsportal.com/universities/14728/university-of-the-pacific.html,
University of the People,https://www.bachelorsportal.com/universities/15684/university-of-the-people.html,
University of the Philippines Diliman,https://www.bachelorsportal.com/universities/15430/university-of-the-philippines-diliman.html,
University of the Potomac,https://www.bachelorsportal.com/universities/18181/university-of-the-potomac.html,
University of the Punjab,https://www.bachelorsportal.com/universities/17106/university-of-the-punjab.html,
University of The Southern Caribbean,https://www.bachelorsportal.com/universities/18891/university-of-the-southern-caribbean.html,
University of the Sunshine Coast,https://www.bachelorsportal.com/universities/11975/university-of-the-sunshine-coast.html,"https://storage-prtl-co.imgix.net/endor/organisations/11975/images/1659488983_unisc_intl-logo_stack_jpeg.png?fit=fill&fill=solid&fill-color=00FFFFFF&w=48&h=48&auto=format,compress"
University of the Thai Chamber of Commerce,https://www.bachelorsportal.com/universities/22169/university-of-the-thai-chamber-of-commerce.html,
University of the Virgin Islands,https://www.bachelorsportal.com/universities/14638/university-of-the-virgin-islands.html,
University of the West of Scotland,https://www.bachelorsportal.com/universities/246/university-of-the-west-of-scotland.html,
University of the Western Cape,https://www.bachelorsportal.com/universities/13369/university-of-the-western-cape.html,
"University of the Witwatersrand, Johannesburg",https://www.bachelorsportal.com/universities/13162/university-of-the-witwatersrand-johannesburg.html,
University of Toronto,https://www.bachelorsportal.com/universities/11734/university-of-toronto.html,
University of Toyama,https://www.bachelorsportal.com/universities/21354/university-of-toyama.html,
University of Trento,https://www.bachelorsportal.com/universities/321/university-of-trento.html,
University of Trieste,https://www.bachelorsportal.com/universities/908/university-of-trieste.html,
University of Trinidad and Tobago,https://www.bachelorsportal.com/universities/14712/university-of-trinidad-and-tobago.html,
University of Tsukuba,https://www.bachelorsportal.com/universities/13163/university-of-tsukuba.html,
University of Tübingen,https://www.bachelorsportal.com/universities/188/university-of-tbingen.html,
University of Tulsa,https://www.bachelorsportal.com/universities/12138/university-of-tulsa.html,"https://storage-prtl-co.imgix.net/endor/organisations/12138/logos/sq-12138.png?fit=fill&fill=solid&fill-color=00FFFFFF&w=48&h=48&auto=format,compress"
University of Turin,https://www.bachelorsportal.com/universities/559/university-of-turin.html,
University of Turku,https://www.bachelorsportal.com/universities/368/university-of-turku.html,
University of Twente (UT),https://www.bachelorsportal.com/universities/16/university-of-twente.html,
University of Ulsan,https://www.bachelorsportal.com/universities/14475/university-of-ulsan.html,
University of Upper Iowa,https://www.bachelorsportal.com/universities/24335/university-of-upper-iowa.html,
University of Utah,https://www.bachelorsportal.com/universities/11732/university-of-utah.html,
University of Vaasa,https://www.bachelorsportal.com/universities/160/university-of-vaasa.html,"https://storage-prtl-co.imgix.net/mp/5de0e72e0f9d.png?fit=fill&fill=solid&fill-color=00FFFFFF&w=48&h=48&auto=format,compress"
"University of Veterinary and Animal Science, Lahore",https://www.bachelorsportal.com/universities/21616/university-of-veterinary-and-animal-science-lahore.html,
University of Veterinary and Pharmaceutical Sciences Brno,https://www.bachelorsportal.com/universities/1592/university-of-veterinary-and-pharmaceutical-sciences-brno.html,
University of Veterinary Medicine and Pharmacy in Košice,https://www.bachelorsportal.com/universities/11221/university-of-veterinary-medicine-and-pharmacy-in-koice.html,"https://storage-prtl-co.imgix.net/endor/organisations/11221/logos/sq-11221.png?fit=fill&fill=solid&fill-color=00FFFFFF&w=48&h=48&auto=format,compress"
University of Virginia,https://www.bachelorsportal.com/universities/12115/university-of-virginia.html,
University of Waikato,https://www.bachelorsportal.com/universities/12782/university-of-waikato.html,
University of Warmia and Mazury in Olsztyn,https://www.bachelorsportal.com/universities/1049/university-of-warmia-and-mazury-in-olsztyn.html,
University of Warsaw,https://www.bachelorsportal.com/universities/367/university-of-warsaw.html,
University of Warwick,https://www.bachelorsportal.com/universities/183/university-of-warwick.html,
University of Washington,https://www.bachelorsportal.com/universities/11730/university-of-washington.html,
University of Washington Bothell,https://www.bachelorsportal.com/universities/19319/university-of-washington-bothell.html,
University of Waterloo,https://www.bachelorsportal.com/universities/11958/university-of-waterloo.html,
University of West Alabama,https://www.bachelorsportal.com/universities/17513/university-of-west-alabama.html,
University of West Florida,https://www.bachelorsportal.com/universities/11030/university-of-west-florida.html,
University of West Georgia,https://www.bachelorsportal.com/universities/15042/university-of-west-georgia.html,
University of West London,https://www.bachelorsportal.com/universities/530/university-of-west-london.html,
University of Western Macedonia,https://www.bachelorsportal.com/universities/23354/university-of-western-macedonia.html,
University of Westminster,https://www.bachelorsportal.com/universities/280/university-of-westminster.html,"https://storage-prtl-co.imgix.net/mp/5de0e80f7fbe.png?fit=fill&fill=solid&fill-color=00FFFFFF&w=48&h=48&auto=format,compress"
University of Windsor,https://www.bachelorsportal.com/universities/14215/university-of-windsor.html,"https://storage-prtl-co.imgix.net/endor/organisations/14215/logos/sq-14215.png?fit=fill&fill=solid&fill-color=00FFFFFF&w=48&h=48&auto=format,compress"
University of Winnipeg,https://www.bachelorsportal.com/universities/15321/university-of-winnipeg.html,"https://storage-prtl-co.imgix.net/mp/5de0e707b374.png?fit=fill&fill=solid&fill-color=00FFFFFF&w=48&h=48&auto=format,compress"
University of Wisconsin - River Falls,https://www.bachelorsportal.com/universities/16702/university-of-wisconsin-river-falls.html,
University of Wisconsin - Stevens Point,https://www.bachelorsportal.com/universities/17034/university-of-wisconsin-stevens-point.html,
University of Wisconsin - Whitewater,https://www.bachelorsportal.com/universities/17037/university-of-wisconsin-whitewater.html,
University of Wisconsin Green Bay,https://www.bachelorsportal.com/universities/17194/university-of-wisconsin-green-bay.html,
University of Wisconsin La Crosse,https://www.bachelorsportal.com/universities/17121/university-of-wisconsin-la-crosse.html,
University of Wisconsin Madison,https://www.bachelorsportal.com/universities/11728/university-of-wisconsin-madison.html,
University of Wisconsin Milwaukee,https://www.bachelorsportal.com/universities/11949/university-of-wisconsin-milwaukee.html,
University of Wisconsin Oshkosh,https://www.bachelorsportal.com/universities/16540/university-of-wisconsin-oshkosh.html,
University of Wisconsin Stout,https://www.bachelorsportal.com/universities/11417/university-of-wisconsin-stout.html,
University of Wisconsin-Eau Claire,https://www.bachelorsportal.com/universities/9991/university-of-wisconsin-eau-claire.html,
University of Wisconsin-Parkside,https://www.bachelorsportal.com/universities/16256/university-of-wisconsin-parkside.html,
University of Wisconsin-Superior,https://www.bachelorsportal.com/universities/14169/university-of-wisconsin-superior.html,
University of Wollongong,https://www.bachelorsportal.com/universities/11945/university-of-wollongong.html,"https://storage-prtl-co.imgix.net/mp/5de0e630f439.png?fit=fill&fill=solid&fill-color=00FFFFFF&w=48&h=48&auto=format,compress"
University of Wolverhampton,https://www.bachelorsportal.com/universities/1180/university-of-wolverhampton.html,"https://storage-prtl-co.imgix.net/mp/5de0e61aa8b4.png?fit=fill&fill=solid&fill-color=00FFFFFF&w=48&h=48&auto=format,compress"
University of Wroclaw,https://www.bachelorsportal.com/universities/294/university-of-wroclaw.html,"https://storage-prtl-co.imgix.net/mp/5de0e81631eb.png?fit=fill&fill=solid&fill-color=00FFFFFF&w=48&h=48&auto=format,compress"
University of Wyoming,https://www.bachelorsportal.com/universities/11941/university-of-wyoming.html,
University of York,https://www.bachelorsportal.com/universities/265/university-of-york.html,"https://storage-prtl-co.imgix.net/mp/5de0e808d3b6.png?fit=fill&fill=solid&fill-color=00FFFFFF&w=48&h=48&auto=format,compress"
University of Zagreb,https://www.bachelorsportal.com/universities/685/university-of-zagreb.html,
University of Zambia,https://www.bachelorsportal.com/universities/17099/university-of-zambia.html,
University Paris Dauphine,https://www.bachelorsportal.com/universities/1606/university-paris-dauphine.html,
University Putra Malaysia,https://www.bachelorsportal.com/universities/13405/university-putra-malaysia.html,
University Sains Malaysia,https://www.bachelorsportal.com/universities/12372/university-sains-malaysia.html,
University Teknologi Malaysia,https://www.bachelorsportal.com/universities/14133/university-teknologi-malaysia.html,
University Teknologi PETRONAS,https://www.bachelorsportal.com/universities/17209/university-teknologi-petronas.html,
University West,https://www.bachelorsportal.com/universities/1362/university-west.html,
Uppsala University,https://www.bachelorsportal.com/universities/11/uppsala-university.html,
Upstate Medical University SUNY,https://www.bachelorsportal.com/universities/15209/upstate-medical-university-suny.html,
USTP – University of Applied Sciences St. Pölten,https://www.bachelorsportal.com/universities/244/ustp-university-of-applied-sciences-st-plten.html,
UT Health San Antonio,https://www.bachelorsportal.com/universities/13123/ut-health-san-antonio.html,
Utah Tech University,https://www.bachelorsportal.com/universities/17958/utah-tech-university.html,
Utah Valley University,https://www.bachelorsportal.com/universities/16977/utah-valley-university.html,
Utica University,https://www.bachelorsportal.com/universities/11499/utica-university.html,
Utrecht University,https://www.bachelorsportal.com/universities/33/utrecht-university.html,
UWE Bristol (University of the West of England),https://www.bachelorsportal.com/universities/150/uwe-bristol.html,"https://storage-prtl-co.imgix.net/mp/5de0e6f9dae1.png?fit=fill&fill=solid&fill-color=00FFFFFF&w=48&h=48&auto=format,compress"
Vaasa University of Applied Sciences,https://www.bachelorsportal.com/universities/830/vaasa-university-of-applied-sciences.html,"https://storage-prtl-co.imgix.net/endor/organisations/830/logos/sq-830.png?fit=fill&fill=solid&fill-color=00FFFFFF&w=48&h=48&auto=format,compress"
Valdosta State University,https://www.bachelorsportal.com/universities/15159/valdosta-state-university.html,
Valparaiso University,https://www.bachelorsportal.com/universities/11460/valparaiso-university.html,
"Van Hall Larenstein, University of Applied Sciences",https://www.bachelorsportal.com/universities/10862/van-hall-larenstein-university-of-applied-sciences.html,"https://storage-prtl-co.imgix.net/endor/organisations/10862/images/1699967449__logo512x512.png?fit=fill&fill=solid&fill-color=00FFFFFF&w=48&h=48&auto=format,compress"
Van Lang University,https://www.bachelorsportal.com/universities/24319/van-lang-university.html,
Vancouver Community College,https://www.bachelorsportal.com/universities/21905/vancouver-community-college.html,
Vanderbilt University,https://www.bachelorsportal.com/universities/11724/vanderbilt-university.html,
Vanguard University,https://www.bachelorsportal.com/universities/17930/vanguard-university.html,
"Varna Free University ""Chernorizets Hrabar""",https://www.bachelorsportal.com/universities/12226/varna-free-university-chernorizets-hrabar.html,
Varna University of Management,https://www.bachelorsportal.com/universities/991/varna-university-of-management.html,
Vassar College,https://www.bachelorsportal.com/universities/15223/vassar-college.html,
Vatel Hotel and Tourism Business School,https://www.bachelorsportal.com/universities/17694/vatel-hotel-and-tourism-business-school.html,
Vellore Institute of Technology (VIT),https://www.bachelorsportal.com/universities/20583/vellore-institute-of-technology.html,
Veltech University,https://www.bachelorsportal.com/universities/21421/veltech-university.html,
Ventspils University of Applied Sciences,https://www.bachelorsportal.com/universities/19303/ventspils-university-of-applied-sciences.html,
Vermont State University,https://www.bachelorsportal.com/universities/19029/vermont-state-university.html,
VERN University of Applied Sciences,https://www.bachelorsportal.com/universities/18507/vern-university-of-applied-sciences.html,
VIA University College,https://www.bachelorsportal.com/universities/1128/via-university-college.html,
Victoria University,https://www.bachelorsportal.com/universities/12028/victoria-university.html,"https://storage-prtl-co.imgix.net/endor/organisations/12028/logos/sq-12028.png?fit=fill&fill=solid&fill-color=00FFFFFF&w=48&h=48&auto=format,compress"
Victoria University of Wellington,https://www.bachelorsportal.com/universities/12672/victoria-university-of-wellington.html,"https://storage-prtl-co.imgix.net/endor/organisations/12672/images/1743703842_vuw-shield-only-512px.jpg?fit=fill&fill=solid&fill-color=00FFFFFF&w=48&h=48&auto=format,compress"
Villanova University,https://www.bachelorsportal.com/universities/11466/villanova-university.html,
VILNIUS TECH,https://www.bachelorsportal.com/universities/10427/vilnius-tech.html,"https://storage-prtl-co.imgix.net/endor/organisations/10427/images/1697202212_vt_logo_blue-1.png?fit=fill&fill=solid&fill-color=00FFFFFF&w=48&h=48&auto=format,compress"
Vilnius University of Applied Sciences,https://www.bachelorsportal.com/universities/12631/vilnius-university-of-applied-sciences.html,
Virginia Commonwealth University,https://www.bachelorsportal.com/universities/12172/virginia-commonwealth-university.html,"https://storage-prtl-co.imgix.net/endor/organisations/12172/images/1742852961_vcu_v_gold-lettering-2c.jpg?fit=fill&fill=solid&fill-color=00FFFFFF&w=48&h=48&auto=format,compress"
Virginia State University,https://www.bachelorsportal.com/universities/16219/virginia-state-university.html,
Virginia Wesleyan College,https://www.bachelorsportal.com/universities/17768/virginia-wesleyan-college.html,
Vishwakarma Institute Of Information Technology,https://www.bachelorsportal.com/universities/23867/vishwakarma-institute-of-information-technology.html,
Vision Concept Aviation Training Institute,https://www.bachelorsportal.com/universities/22349/vision-concept-aviation-training-institute.html,
Vistula University,https://www.bachelorsportal.com/universities/1243/vistula-university.html,"https://storage-prtl-co.imgix.net/mp/5de0e680153f.png?fit=fill&fill=solid&fill-color=00FFFFFF&w=48&h=48&auto=format,compress"
Viterbo University,https://www.bachelorsportal.com/universities/17820/viterbo-university.html,
VIVES University of Applied Sciences,https://www.bachelorsportal.com/universities/20269/vives-university-of-applied-sciences.html,
Vrije Universiteit Amsterdam,https://www.bachelorsportal.com/universities/81/vrije-universiteit-amsterdam.html,
VSB - Technical University of Ostrava,https://www.bachelorsportal.com/universities/381/vsb-technical-university-of-ostrava.html,
VUZF University,https://www.bachelorsportal.com/universities/23760/vuzf-university.html,
Vytautas Magnus University,https://www.bachelorsportal.com/universities/350/vytautas-magnus-university.html,
Wageningen University and Research,https://www.bachelorsportal.com/universities/77/wageningen-university-and-research.html,"https://storage-prtl-co.imgix.net/endor/organisations/77/images/1758902125_wage.jpg?fit=fill&fill=solid&fill-color=00FFFFFF&w=48&h=48&auto=format,compress"
Wagner College,https://www.bachelorsportal.com/universities/17340/wagner-college.html,
Waikato Institute of Technology,https://www.bachelorsportal.com/universities/22053/waikato-institute-of-technology.html,
Wake Forest University,https://www.bachelorsportal.com/universities/11543/wake-forest-university.html,
Walden University,https://www.bachelorsportal.com/universities/10396/walden-university.html,
Walsh College,https://www.bachelorsportal.com/universities/18649/walsh-college.html,
Walsh University,https://www.bachelorsportal.com/universities/17817/walsh-university.html,
Warnborough College,https://www.bachelorsportal.com/universities/1760/warnborough-college.html,
Warsaw School of Economics (SGH),https://www.bachelorsportal.com/universities/529/warsaw-school-of-economics.html,
Warsaw University of Technology,https://www.bachelorsportal.com/universities/807/warsaw-university-of-technology.html,
Wartburg College,https://www.bachelorsportal.com/universities/17629/wartburg-college.html,
Warwickshire College,https://www.bachelorsportal.com/universities/12665/warwickshire-college.html,
Waseda University,https://www.bachelorsportal.com/universities/13164/waseda-university.html,
Washburn University,https://www.bachelorsportal.com/universities/17350/washburn-university.html,
Washington Adventist University,https://www.bachelorsportal.com/universities/18710/washington-adventist-university.html,
Washington and Jefferson College,https://www.bachelorsportal.com/universities/18187/washington-and-jefferson-college.html,
Washington University in St. Louis,https://www.bachelorsportal.com/universities/11721/washington-university-in-st-louis.html,
Washington University of Science and Technology,https://www.bachelorsportal.com/universities/18366/washington-university-of-science-and-technology.html,
Wayne State College,https://www.bachelorsportal.com/universities/17612/wayne-state-college.html,
Webber International University,https://www.bachelorsportal.com/universities/18650/webber-international-university.html,
Webster Geneva Campus,https://www.bachelorsportal.com/universities/1950/webster-geneva-campus.html,"https://storage-prtl-co.imgix.net/endor/organisations/1950/images/1758882027_512x512-px-ua-square-logo-dimension_for-resizing.jpg?fit=fill&fill=solid&fill-color=00FFFFFF&w=48&h=48&auto=format,compress"
Webster University,https://www.bachelorsportal.com/universities/17299/webster-university.html,"https://storage-prtl-co.imgix.net/mp/5de0e767d70a.png?fit=fill&fill=solid&fill-color=00FFFFFF&w=48&h=48&auto=format,compress"
Webster University Athens,https://www.bachelorsportal.com/universities/21947/webster-university-athens.html,
Webster Vienna Private University,https://www.bachelorsportal.com/universities/443/webster-vienna-private-university.html,"https://storage-prtl-co.imgix.net/endor/organisations/443/images/1723209103_webster_vienna_private_university.jpg?fit=fill&fill=solid&fill-color=00FFFFFF&w=48&h=48&auto=format,compress"
Weill Cornell Medicine – Qatar,https://www.bachelorsportal.com/universities/24308/weill-cornell-medicine-qatar.html,
Wellesley College,https://www.bachelorsportal.com/universities/15096/wellesley-college.html,
Wellington Institute of Technology,https://www.bachelorsportal.com/universities/22074/wellington-institute-of-technology.html,
Wentworth Institute of Technology,https://www.bachelorsportal.com/universities/16935/wentworth-institute-of-technology.html,
Wenzhou Medical University,https://www.bachelorsportal.com/universities/20369/wenzhou-medical-university.html,
Wenzhou-Kean University,https://www.bachelorsportal.com/universities/24320/wenzhou-kean-university.html,
Wesley Biblical Seminary,https://www.bachelorsportal.com/universities/18651/wesley-biblical-seminary.html,
Wesleyan University,https://www.bachelorsportal.com/universities/14241/wesleyan-university.html,
West Chester University,https://www.bachelorsportal.com/universities/17076/west-chester-university.html,
West Liberty University,https://www.bachelorsportal.com/universities/14997/west-liberty-university.html,
West Pomeranian Business School,https://www.bachelorsportal.com/universities/1018/west-pomeranian-business-school.html,
West Texas A&M University,https://www.bachelorsportal.com/universities/14286/west-texas-am-university.html,
West University of Timisoara,https://www.bachelorsportal.com/universities/1064/west-university-of-timisoara.html,
West Virginia State University,https://www.bachelorsportal.com/universities/14818/west-virginia-state-university.html,
Westcliff University,https://www.bachelorsportal.com/universities/19570/westcliff-university.html,"https://storage-prtl-co.imgix.net/endor/organisations/19570/logos/sq-19570.png?fit=fill&fill=solid&fill-color=00FFFFFF&w=48&h=48&auto=format,compress"
Western Carolina University,https://www.bachelorsportal.com/universities/15114/western-carolina-university.html,
Western Caspian University,https://www.bachelorsportal.com/universities/21377/western-caspian-university.html,
Western Colorado University,https://www.bachelorsportal.com/universities/17756/western-colorado-university.html,
Western Connecticut State University,https://www.bachelorsportal.com/universities/16736/western-connecticut-state-university.html,
Western Governors University,https://www.bachelorsportal.com/universities/20869/western-governors-university.html,
Western Illinois University,https://www.bachelorsportal.com/universities/14911/western-illinois-university.html,
Western Institute of Technology at Taranaki,https://www.bachelorsportal.com/universities/22045/western-institute-of-technology-at-taranaki.html,
Western Kentucky University,https://www.bachelorsportal.com/universities/12552/western-kentucky-university.html,
Western Michigan University,https://www.bachelorsportal.com/universities/13482/western-michigan-university.html,
Western New England University,https://www.bachelorsportal.com/universities/15570/western-new-england-university.html,
Western Oregon University,https://www.bachelorsportal.com/universities/16177/western-oregon-university.html,
Western Sydney University,https://www.bachelorsportal.com/universities/11953/western-sydney-university.html,
Western University - Canada,https://www.bachelorsportal.com/universities/19013/western-university-canada.html,
Western Washington University,https://www.bachelorsportal.com/universities/14190/western-washington-university.html,
Westfield State University,https://www.bachelorsportal.com/universities/16903/westfield-state-university.html,
Westford University College,https://www.bachelorsportal.com/universities/15943/westford-university-college.html,
Westlake University,https://www.bachelorsportal.com/universities/23554/westlake-university.html,"https://storage-prtl-co.imgix.net/endor/organisations/23554/images/1737403842_westlake-logo.png?fit=fill&fill=solid&fill-color=00FFFFFF&w=48&h=48&auto=format,compress"
Westminster College New Wilmington,https://www.bachelorsportal.com/universities/17834/westminster-college-new-wilmington.html,
Westminster International University in Tashkent,https://www.bachelorsportal.com/universities/24183/westminster-international-university-in-tashkent.html,
Westminster University,https://www.bachelorsportal.com/universities/17696/westminster-university.html,
Westmont College,https://www.bachelorsportal.com/universities/17273/westmont-college.html,
Wheaton College,https://www.bachelorsportal.com/universities/16933/wheaton-college.html,
Wheaton College Illinois,https://www.bachelorsportal.com/universities/16810/wheaton-college-illinois.html,
Whistling Woods International,https://www.bachelorsportal.com/universities/23052/whistling-woods-international.html,"https://storage-prtl-co.imgix.net/endor/organisations/23052/images/1721210369_wwi-logo.jpg?fit=fill&fill=solid&fill-color=00FFFFFF&w=48&h=48&auto=format,compress"
Whitecliffe College,https://www.bachelorsportal.com/universities/22087/whitecliffe-college.html,
Whitman College,https://www.bachelorsportal.com/universities/17025/whitman-college.html,
WHU - Otto Beisheim School of Management,https://www.bachelorsportal.com/universities/413/whu-otto-beisheim-school-of-management.html,
Wichita State University,https://www.bachelorsportal.com/universities/13777/wichita-state-university.html,
Widener University,https://www.bachelorsportal.com/universities/12594/widener-university.html,"https://storage-prtl-co.imgix.net/endor/organisations/12594/images/1697827162_untitled-design-29.png?fit=fill&fill=solid&fill-color=00FFFFFF&w=48&h=48&auto=format,compress"
Wilfrid Laurier University,https://www.bachelorsportal.com/universities/14118/wilfrid-laurier-university.html,"https://storage-prtl-co.imgix.net/endor/organisations/14118/images/1703088527_studyportals-logo.png?fit=fill&fill=solid&fill-color=00FFFFFF&w=48&h=48&auto=format,compress"
Wilkes University,https://www.bachelorsportal.com/universities/16585/wilkes-university.html,
Willamette University,https://www.bachelorsportal.com/universities/16473/willamette-university.html,
William Carey University,https://www.bachelorsportal.com/universities/22070/william-carey-university.html,
William James College,https://www.bachelorsportal.com/universities/16946/william-james-college.html,
William Paterson University,https://www.bachelorsportal.com/universities/17077/william-paterson-university.html,"https://storage-prtl-co.imgix.net/endor/organisations/17077/logos/sq-17077.png?fit=fill&fill=solid&fill-color=00FFFFFF&w=48&h=48&auto=format,compress"
Williams College,https://www.bachelorsportal.com/universities/15066/williams-college.html,
Wilmington University,https://www.bachelorsportal.com/universities/18655/wilmington-university.html,
Windesheim University of Applied Sciences,https://www.bachelorsportal.com/universities/1050/windesheim-university-of-applied-sciences.html,"https://storage-prtl-co.imgix.net/endor/organisations/1050/images/1647943411_windesheim_logo_int_cmyk-zg.vierkant3jpg.jpg?fit=fill&fill=solid&fill-color=00FFFFFF&w=48&h=48&auto=format,compress"
Windsor University,https://www.bachelorsportal.com/universities/21193/windsor-university.html,
Wingate University,https://www.bachelorsportal.com/universities/17599/wingate-university.html,
Winona State University,https://www.bachelorsportal.com/universities/16662/winona-state-university.html,
Winston-Salem State University,https://www.bachelorsportal.com/universities/16307/winston-salem-state-university.html,
Winthrop University,https://www.bachelorsportal.com/universities/17058/winthrop-university.html,
Wittenberg University,https://www.bachelorsportal.com/universities/17544/wittenberg-university.html,
Wittenborg University of Applied Sciences,https://www.bachelorsportal.com/universities/1019/wittenborg-university-of-applied-sciences.html,"https://storage-prtl-co.imgix.net/endor/organisations/1019/images/1708438502_wittenborg-logo.png?fit=fill&fill=solid&fill-color=00FFFFFF&w=48&h=48&auto=format,compress"
WMG University of Warwick,https://www.bachelorsportal.com/universities/1624/wmg-university-of-warwick.html,
Wofford College,https://www.bachelorsportal.com/universities/17337/wofford-college.html,
Woosong University,https://www.bachelorsportal.com/universities/22916/woosong-university.html,
Worcester Polytechnic Institute,https://www.bachelorsportal.com/universities/12136/worcester-polytechnic-institute.html,
Worcester State University,https://www.bachelorsportal.com/universities/16927/worcester-state-university.html,
World Mission University,https://www.bachelorsportal.com/universities/18656/world-mission-university.html,
World University of Design,https://www.bachelorsportal.com/universities/24227/world-university-of-design.html,"https://storage-prtl-co.imgix.net/endor/organisations/24227/images/1760943787_306143327_447582474072553_5081986462468496575_n.jpg?fit=fill&fill=solid&fill-color=00FFFFFF&w=48&h=48&auto=format,compress"
Wrexham University,https://www.bachelorsportal.com/universities/641/wrexham-university.html,"https://storage-prtl-co.imgix.net/endor/organisations/641/images/1765200053_wrexham-university-logo.png?fit=fill&fill=solid&fill-color=00FFFFFF&w=48&h=48&auto=format,compress"
Wright State University,https://www.bachelorsportal.com/universities/12124/wright-state-university.html,
Wroclaw Medical University,https://www.bachelorsportal.com/universities/1664/wroclaw-medical-university.html,"https://storage-prtl-co.imgix.net/mp/5de0e74a50a3.png?fit=fill&fill=solid&fill-color=00FFFFFF&w=48&h=48&auto=format,compress"
Wroclaw University of Economics,https://www.bachelorsportal.com/universities/1272/wroclaw-university-of-economics.html,
Wroclaw University of Environmental and Life Sciences,https://www.bachelorsportal.com/universities/13732/wroclaw-university-of-environmental-and-life-sciences.html,
Wroclaw University of Science and Technology,https://www.bachelorsportal.com/universities/663/wroclaw-university-of-science-and-technology.html,
WSB University,https://www.bachelorsportal.com/universities/20944/wsb-university.html,
WU (Vienna University of Economics and Business),https://www.bachelorsportal.com/universities/216/wu.html,
Wuhan University,https://www.bachelorsportal.com/universities/12164/wuhan-university.html,
Wuhan University of Technology (WUT),https://www.bachelorsportal.com/universities/17229/wuhan-university-of-technology.html,
Xavier University,https://www.bachelorsportal.com/universities/16700/xavier-university.html,"https://storage-prtl-co.imgix.net/endor/organisations/16700/images/1761860023_logo.png?fit=fill&fill=solid&fill-color=00FFFFFF&w=48&h=48&auto=format,compress"
Xavier University of Louisiana,https://www.bachelorsportal.com/universities/16986/xavier-university-of-louisiana.html,
Xi'an Jiaotong University,https://www.bachelorsportal.com/universities/12155/xian-jiaotong-university.html,
Xi'an Jiaotong-Liverpool University,https://www.bachelorsportal.com/universities/13040/xian-jiaotong-liverpool-university.html,"https://storage-prtl-co.imgix.net/mp/5de0e6a3e395.png?fit=fill&fill=solid&fill-color=00FFFFFF&w=48&h=48&auto=format,compress"
Xi'an Shiyou University,https://www.bachelorsportal.com/universities/20477/xian-shiyou-university.html,
Xiamen University,https://www.bachelorsportal.com/universities/12158/xiamen-university.html,
Xiamen University of Technology,https://www.bachelorsportal.com/universities/14625/xiamen-university-of-technology.html,
Xidian University,https://www.bachelorsportal.com/universities/12153/xidian-university.html,
XU Exponential University of Applied Sciences,https://www.bachelorsportal.com/universities/19959/xu-exponential-university-of-applied-sciences.html,
Yale University,https://www.bachelorsportal.com/universities/11715/yale-university.html,
Yangzhou University,https://www.bachelorsportal.com/universities/20440/yangzhou-university.html,
Yasar University,https://www.bachelorsportal.com/universities/1091/yasar-university.html,
Yeditepe University,https://www.bachelorsportal.com/universities/11373/yeditepe-university.html,
Yeshiva University,https://www.bachelorsportal.com/universities/12034/yeshiva-university.html,
Yildiz Technical University,https://www.bachelorsportal.com/universities/14525/yildiz-technical-university.html,
York College,https://www.bachelorsportal.com/universities/12619/york-college.html,
York College of Pennsylvania,https://www.bachelorsportal.com/universities/17908/york-college-of-pennsylvania.html,
York St John University,https://www.bachelorsportal.com/universities/17474/york-st-john-university.html,
York University,https://www.bachelorsportal.com/universities/11921/york-university.html,
Yorkville University,https://www.bachelorsportal.com/universities/13147/yorkville-university.html,"https://storage-prtl-co.imgix.net/endor/organisations/13147/images/1710358595_new-yorkville-logo.png?fit=fill&fill=solid&fill-color=00FFFFFF&w=48&h=48&auto=format,compress"
Yuan Ze University,https://www.bachelorsportal.com/universities/14048/yuan-ze-university.html,
Zagreb School of Economics and Management,https://www.bachelorsportal.com/universities/1353/zagreb-school-of-economics-and-management.html,
Zarqa University,https://www.bachelorsportal.com/universities/13813/zarqa-university.html,
Zayed University,https://www.bachelorsportal.com/universities/17242/zayed-university.html,
Zeppelin University,https://www.bachelorsportal.com/universities/630/zeppelin-university.html,
Zewail City of Science and Technology,https://www.bachelorsportal.com/universities/21424/zewail-city-of-science-and-technology.html,
ZHAW Zurich University of Applied Sciences,https://www.bachelorsportal.com/universities/1316/zhaw-zurich-university-of-applied-sciences.html,
Zhejiang Normal University,https://www.bachelorsportal.com/universities/20306/zhejiang-normal-university.html,
Zhejiang University,https://www.bachelorsportal.com/universities/1310/zhejiang-university.html,
Zhejiang University of Finance and Economics,https://www.bachelorsportal.com/universities/20474/zhejiang-university-of-finance-and-economics.html,
Zhejiang University of Technology,https://www.bachelorsportal.com/universities/13937/zhejiang-university-of-technology.html,
Zurich Elite Business School (ZEBS),https://www.bachelorsportal.com/universities/315/zurich-elite-business-school.html,
Zuyd University of Applied Sciences,https://www.bachelorsportal.com/universities/99/zuyd-university-of-applied-sciences.html,